[     101ms] [LOG] [Explorer] Nav event received, generation: 1 @ http://localhost:8080/postscript.js:0
[     101ms] [LOG] [Explorer] Found 1 explorers @ http://localhost:8080/postscript.js:0
[     101ms] [LOG] [Explorer] Starting tree build... @ http://localhost:8080/postscript.js:0
[     101ms] [LOG] [Explorer] Fetching content index... @ http://localhost:8080/postscript.js:0
[     117ms] [LOG] [Explorer] Fetched data keys: [index, linux, tags/linux, tags/命令, tags/index] @ http://localhost:8080/postscript.js:0
[     117ms] [LOG] [Explorer] Entry count: 5 @ http://localhost:8080/postscript.js:0
[     117ms] [LOG] [Explorer] Trie root children: 2 @ http://localhost:8080/postscript.js:0
[     122ms] [LOG] [Explorer] Render generation is current, rendering tree @ http://localhost:8080/postscript.js:0
[     122ms] [LOG] [Explorer] Trie result: success @ http://localhost:8080/postscript.js:0
[     122ms] [LOG] [Explorer] Rendering 1 children @ http://localhost:8080/postscript.js:0
[     122ms] [LOG] [Explorer] Render complete, final list length: 2 @ http://localhost:8080/postscript.js:0
[     392ms] [LOG] [Explorer] Nav event received, generation: 1 @ http://localhost:8080/postscript.js:0
[     392ms] [LOG] [Explorer] Found 1 explorers @ http://localhost:8080/postscript.js:0
[     392ms] [LOG] [Explorer] Starting tree build... @ http://localhost:8080/postscript.js:0
[     392ms] [LOG] [Explorer] Fetching content index... @ http://localhost:8080/postscript.js:0
[     424ms] [LOG] [Explorer] Fetched data keys: [index, linux, tags/linux, tags/命令, tags/index] @ http://localhost:8080/postscript.js:0
[     424ms] [LOG] [Explorer] Entry count: 5 @ http://localhost:8080/postscript.js:0
[     424ms] [LOG] [Explorer] Trie root children: 2 @ http://localhost:8080/postscript.js:0
[     431ms] [LOG] [Explorer] Render generation is current, rendering tree @ http://localhost:8080/postscript.js:0
[     431ms] [LOG] [Explorer] Trie result: success @ http://localhost:8080/postscript.js:0
[     431ms] [LOG] [Explorer] Rendering 1 children @ http://localhost:8080/postscript.js:0
[     432ms] [LOG] [Explorer] Render complete, final list length: 2 @ http://localhost:8080/postscript.js:0
[     857ms] [LOG] [Explorer] Nav event received, generation: 1 @ http://localhost:8080/postscript.js:0
[     857ms] [LOG] [Explorer] Found 1 explorers @ http://localhost:8080/postscript.js:0
[     857ms] [LOG] [Explorer] Starting tree build... @ http://localhost:8080/postscript.js:0
[     857ms] [LOG] [Explorer] Fetching content index... @ http://localhost:8080/postscript.js:0
[     889ms] [LOG] [Explorer] Fetched data keys: [index, linux, tags/linux, tags/命令, tags/index] @ http://localhost:8080/postscript.js:0
[     889ms] [LOG] [Explorer] Entry count: 5 @ http://localhost:8080/postscript.js:0
[     889ms] [LOG] [Explorer] Trie root children: 2 @ http://localhost:8080/postscript.js:0
[     896ms] [LOG] [Explorer] Render generation is current, rendering tree @ http://localhost:8080/postscript.js:0
[     896ms] [LOG] [Explorer] Trie result: success @ http://localhost:8080/postscript.js:0
[     896ms] [LOG] [Explorer] Rendering 1 children @ http://localhost:8080/postscript.js:0
[     896ms] [LOG] [Explorer] Render complete, final list length: 2 @ http://localhost:8080/postscript.js:0
[    1501ms] [LOG] [Explorer] Nav event received, generation: 1 @ http://localhost:8080/postscript.js:0
[    1501ms] [LOG] [Explorer] Found 1 explorers @ http://localhost:8080/postscript.js:0
[    1501ms] [LOG] [Explorer] Starting tree build... @ http://localhost:8080/postscript.js:0
[    1501ms] [LOG] [Explorer] Fetching content index... @ http://localhost:8080/postscript.js:0
[    1532ms] [LOG] [Explorer] Fetched data keys: [index, linux, tags/linux, tags/命令, tags/index] @ http://localhost:8080/postscript.js:0
[    1532ms] [LOG] [Explorer] Entry count: 5 @ http://localhost:8080/postscript.js:0
[    1532ms] [LOG] [Explorer] Trie root children: 2 @ http://localhost:8080/postscript.js:0
[    1540ms] [LOG] [Explorer] Render generation is current, rendering tree @ http://localhost:8080/postscript.js:0
[    1540ms] [LOG] [Explorer] Trie result: success @ http://localhost:8080/postscript.js:0
[    1540ms] [LOG] [Explorer] Rendering 1 children @ http://localhost:8080/postscript.js:0
[    1540ms] [LOG] [Explorer] Render complete, final list length: 2 @ http://localhost:8080/postscript.js:0
[    2040ms] [LOG] [Explorer] Nav event received, generation: 1 @ http://localhost:8080/postscript.js:0
[    2040ms] [LOG] [Explorer] Found 1 explorers @ http://localhost:8080/postscript.js:0
[    2040ms] [LOG] [Explorer] Starting tree build... @ http://localhost:8080/postscript.js:0
[    2040ms] [LOG] [Explorer] Fetching content index... @ http://localhost:8080/postscript.js:0
[    2071ms] [LOG] [Explorer] Fetched data keys: [index, linux, tags/linux, tags/命令, tags/index] @ http://localhost:8080/postscript.js:0
[    2071ms] [LOG] [Explorer] Entry count: 5 @ http://localhost:8080/postscript.js:0
[    2071ms] [LOG] [Explorer] Trie root children: 2 @ http://localhost:8080/postscript.js:0
[    2077ms] [LOG] [Explorer] Render generation is current, rendering tree @ http://localhost:8080/postscript.js:0
[    2077ms] [LOG] [Explorer] Trie result: success @ http://localhost:8080/postscript.js:0
[    2077ms] [LOG] [Explorer] Rendering 1 children @ http://localhost:8080/postscript.js:0
[    2077ms] [LOG] [Explorer] Render complete, final list length: 2 @ http://localhost:8080/postscript.js:0
[    2593ms] [LOG] [Explorer] Nav event received, generation: 1 @ http://localhost:8080/postscript.js:0
[    2593ms] [LOG] [Explorer] Found 1 explorers @ http://localhost:8080/postscript.js:0
[    2593ms] [LOG] [Explorer] Starting tree build... @ http://localhost:8080/postscript.js:0
[    2593ms] [LOG] [Explorer] Fetching content index... @ http://localhost:8080/postscript.js:0
[    2621ms] [LOG] [Explorer] Fetched data keys: [index, linux, tags/linux, tags/命令, tags/index] @ http://localhost:8080/postscript.js:0
[    2621ms] [LOG] [Explorer] Entry count: 5 @ http://localhost:8080/postscript.js:0
[    2621ms] [LOG] [Explorer] Trie root children: 2 @ http://localhost:8080/postscript.js:0
[    2628ms] [LOG] [Explorer] Render generation is current, rendering tree @ http://localhost:8080/postscript.js:0
[    2628ms] [LOG] [Explorer] Trie result: success @ http://localhost:8080/postscript.js:0
[    2628ms] [LOG] [Explorer] Rendering 1 children @ http://localhost:8080/postscript.js:0
[    2628ms] [LOG] [Explorer] Render complete, final list length: 2 @ http://localhost:8080/postscript.js:0
[    3129ms] [LOG] [Explorer] Nav event received, generation: 1 @ http://localhost:8080/postscript.js:0
[    3129ms] [LOG] [Explorer] Found 1 explorers @ http://localhost:8080/postscript.js:0
[    3129ms] [LOG] [Explorer] Starting tree build... @ http://localhost:8080/postscript.js:0
[    3129ms] [LOG] [Explorer] Fetching content index... @ http://localhost:8080/postscript.js:0
[    3161ms] [LOG] [Explorer] Fetched data keys: [index, linux, tags/linux, tags/命令, tags/index] @ http://localhost:8080/postscript.js:0
[    3161ms] [LOG] [Explorer] Entry count: 5 @ http://localhost:8080/postscript.js:0
[    3161ms] [LOG] [Explorer] Trie root children: 2 @ http://localhost:8080/postscript.js:0
[    3168ms] [LOG] [Explorer] Render generation is current, rendering tree @ http://localhost:8080/postscript.js:0
[    3168ms] [LOG] [Explorer] Trie result: success @ http://localhost:8080/postscript.js:0
[    3168ms] [LOG] [Explorer] Rendering 1 children @ http://localhost:8080/postscript.js:0
[    3168ms] [LOG] [Explorer] Render complete, final list length: 2 @ http://localhost:8080/postscript.js:0
[    3694ms] [LOG] [Explorer] Nav event received, generation: 1 @ http://localhost:8080/postscript.js:0
[    3694ms] [LOG] [Explorer] Found 1 explorers @ http://localhost:8080/postscript.js:0
[    3694ms] [LOG] [Explorer] Starting tree build... @ http://localhost:8080/postscript.js:0
[    3694ms] [LOG] [Explorer] Fetching content index... @ http://localhost:8080/postscript.js:0
[    3720ms] [LOG] [Explorer] Fetched data keys: [index, linux, tags/linux, tags/命令, tags/index] @ http://localhost:8080/postscript.js:0
[    3720ms] [LOG] [Explorer] Entry count: 5 @ http://localhost:8080/postscript.js:0
[    3720ms] [LOG] [Explorer] Trie root children: 2 @ http://localhost:8080/postscript.js:0
[    3729ms] [LOG] [Explorer] Render generation is current, rendering tree @ http://localhost:8080/postscript.js:0
[    3729ms] [LOG] [Explorer] Trie result: success @ http://localhost:8080/postscript.js:0
[    3730ms] [LOG] [Explorer] Rendering 1 children @ http://localhost:8080/postscript.js:0
[    3730ms] [LOG] [Explorer] Render complete, final list length: 2 @ http://localhost:8080/postscript.js:0
[    4244ms] [LOG] [Explorer] Nav event received, generation: 1 @ http://localhost:8080/postscript.js:0
[    4244ms] [LOG] [Explorer] Found 1 explorers @ http://localhost:8080/postscript.js:0
[    4244ms] [LOG] [Explorer] Starting tree build... @ http://localhost:8080/postscript.js:0
[    4244ms] [LOG] [Explorer] Fetching content index... @ http://localhost:8080/postscript.js:0
[    4262ms] [LOG] [Explorer] Fetched data keys: [index, linux, tags/linux, tags/命令, tags/index] @ http://localhost:8080/postscript.js:0
[    4262ms] [LOG] [Explorer] Entry count: 5 @ http://localhost:8080/postscript.js:0
[    4263ms] [LOG] [Explorer] Trie root children: 2 @ http://localhost:8080/postscript.js:0
[    4270ms] [LOG] [Explorer] Render generation is current, rendering tree @ http://localhost:8080/postscript.js:0
[    4270ms] [LOG] [Explorer] Trie result: success @ http://localhost:8080/postscript.js:0
[    4270ms] [LOG] [Explorer] Rendering 1 children @ http://localhost:8080/postscript.js:0
[    4270ms] [LOG] [Explorer] Render complete, final list length: 2 @ http://localhost:8080/postscript.js:0
[    4779ms] [LOG] [Explorer] Nav event received, generation: 1 @ http://localhost:8080/postscript.js:0
[    4779ms] [LOG] [Explorer] Found 1 explorers @ http://localhost:8080/postscript.js:0
[    4779ms] [LOG] [Explorer] Starting tree build... @ http://localhost:8080/postscript.js:0
[    4779ms] [LOG] [Explorer] Fetching content index... @ http://localhost:8080/postscript.js:0
[    4802ms] [LOG] [Explorer] Fetched data keys: [index, linux, tags/linux, tags/命令, tags/index] @ http://localhost:8080/postscript.js:0
[    4802ms] [LOG] [Explorer] Entry count: 5 @ http://localhost:8080/postscript.js:0
[    4802ms] [LOG] [Explorer] Trie root children: 2 @ http://localhost:8080/postscript.js:0
[    4809ms] [LOG] [Explorer] Render generation is current, rendering tree @ http://localhost:8080/postscript.js:0
[    4809ms] [LOG] [Explorer] Trie result: success @ http://localhost:8080/postscript.js:0
[    4809ms] [LOG] [Explorer] Rendering 1 children @ http://localhost:8080/postscript.js:0
[    4809ms] [LOG] [Explorer] Render complete, final list length: 2 @ http://localhost:8080/postscript.js:0
[    5314ms] [LOG] [Explorer] Nav event received, generation: 1 @ http://localhost:8080/postscript.js:0
[    5314ms] [LOG] [Explorer] Found 1 explorers @ http://localhost:8080/postscript.js:0
[    5314ms] [LOG] [Explorer] Starting tree build... @ http://localhost:8080/postscript.js:0
[    5314ms] [LOG] [Explorer] Fetching content index... @ http://localhost:8080/postscript.js:0
[    5344ms] [LOG] [Explorer] Fetched data keys: [index, linux, tags/linux, tags/命令, tags/index] @ http://localhost:8080/postscript.js:0
[    5344ms] [LOG] [Explorer] Entry count: 5 @ http://localhost:8080/postscript.js:0
[    5344ms] [LOG] [Explorer] Trie root children: 2 @ http://localhost:8080/postscript.js:0
[    5350ms] [LOG] [Explorer] Render generation is current, rendering tree @ http://localhost:8080/postscript.js:0
[    5350ms] [LOG] [Explorer] Trie result: success @ http://localhost:8080/postscript.js:0
[    5350ms] [LOG] [Explorer] Rendering 1 children @ http://localhost:8080/postscript.js:0
[    5351ms] [LOG] [Explorer] Render complete, final list length: 2 @ http://localhost:8080/postscript.js:0
[    5874ms] [LOG] [Explorer] Nav event received, generation: 1 @ http://localhost:8080/postscript.js:0
[    5874ms] [LOG] [Explorer] Found 1 explorers @ http://localhost:8080/postscript.js:0
[    5874ms] [LOG] [Explorer] Starting tree build... @ http://localhost:8080/postscript.js:0
[    5874ms] [LOG] [Explorer] Fetching content index... @ http://localhost:8080/postscript.js:0
[    5905ms] [LOG] [Explorer] Fetched data keys: [index, linux, tags/linux, tags/命令, tags/index] @ http://localhost:8080/postscript.js:0
[    5905ms] [LOG] [Explorer] Entry count: 5 @ http://localhost:8080/postscript.js:0
[    5905ms] [LOG] [Explorer] Trie root children: 2 @ http://localhost:8080/postscript.js:0
[    5913ms] [LOG] [Explorer] Render generation is current, rendering tree @ http://localhost:8080/postscript.js:0
[    5914ms] [LOG] [Explorer] Trie result: success @ http://localhost:8080/postscript.js:0
[    5914ms] [LOG] [Explorer] Rendering 1 children @ http://localhost:8080/postscript.js:0
[    5914ms] [LOG] [Explorer] Render complete, final list length: 2 @ http://localhost:8080/postscript.js:0
[    6434ms] [LOG] [Explorer] Nav event received, generation: 1 @ http://localhost:8080/postscript.js:0
[    6435ms] [LOG] [Explorer] Found 1 explorers @ http://localhost:8080/postscript.js:0
[    6435ms] [LOG] [Explorer] Starting tree build... @ http://localhost:8080/postscript.js:0
[    6435ms] [LOG] [Explorer] Fetching content index... @ http://localhost:8080/postscript.js:0
[    6437ms] [LOG] [Explorer] Fetched data keys: [index, linux, tags/linux, tags/命令, tags/index] @ http://localhost:8080/postscript.js:0
[    6437ms] [LOG] [Explorer] Entry count: 5 @ http://localhost:8080/postscript.js:0
[    6437ms] [LOG] [Explorer] Trie root children: 2 @ http://localhost:8080/postscript.js:0
[    6439ms] [LOG] [Explorer] Render generation is current, rendering tree @ http://localhost:8080/postscript.js:0
[    6439ms] [LOG] [Explorer] Trie result: success @ http://localhost:8080/postscript.js:0
[    6439ms] [LOG] [Explorer] Rendering 1 children @ http://localhost:8080/postscript.js:0
[    6439ms] [LOG] [Explorer] Render complete, final list length: 2 @ http://localhost:8080/postscript.js:0
[    6968ms] [LOG] [Explorer] Nav event received, generation: 1 @ http://localhost:8080/postscript.js:0
[    6968ms] [LOG] [Explorer] Found 1 explorers @ http://localhost:8080/postscript.js:0
[    6968ms] [LOG] [Explorer] Starting tree build... @ http://localhost:8080/postscript.js:0
[    6968ms] [LOG] [Explorer] Fetching content index... @ http://localhost:8080/postscript.js:0
[    7001ms] [LOG] [Explorer] Fetched data keys: [index, linux, tags/linux, tags/命令, tags/index] @ http://localhost:8080/postscript.js:0
[    7001ms] [LOG] [Explorer] Entry count: 5 @ http://localhost:8080/postscript.js:0
[    7001ms] [LOG] [Explorer] Trie root children: 2 @ http://localhost:8080/postscript.js:0
[    7008ms] [LOG] [Explorer] Render generation is current, rendering tree @ http://localhost:8080/postscript.js:0
[    7008ms] [LOG] [Explorer] Trie result: success @ http://localhost:8080/postscript.js:0
[    7008ms] [LOG] [Explorer] Rendering 1 children @ http://localhost:8080/postscript.js:0
[    7008ms] [LOG] [Explorer] Render complete, final list length: 2 @ http://localhost:8080/postscript.js:0
[    7519ms] [LOG] [Explorer] Nav event received, generation: 1 @ http://localhost:8080/postscript.js:0
[    7519ms] [LOG] [Explorer] Found 1 explorers @ http://localhost:8080/postscript.js:0
[    7519ms] [LOG] [Explorer] Starting tree build... @ http://localhost:8080/postscript.js:0
[    7519ms] [LOG] [Explorer] Fetching content index... @ http://localhost:8080/postscript.js:0
[    7570ms] [LOG] [Explorer] Fetched data keys: [index, linux, tags/linux, tags/命令, tags/index] @ http://localhost:8080/postscript.js:0
[    7571ms] [LOG] [Explorer] Entry count: 5 @ http://localhost:8080/postscript.js:0
[    7571ms] [LOG] [Explorer] Trie root children: 2 @ http://localhost:8080/postscript.js:0
[    7580ms] [LOG] [Explorer] Render generation is current, rendering tree @ http://localhost:8080/postscript.js:0
[    7580ms] [LOG] [Explorer] Trie result: success @ http://localhost:8080/postscript.js:0
[    7580ms] [LOG] [Explorer] Rendering 1 children @ http://localhost:8080/postscript.js:0
[    7580ms] [LOG] [Explorer] Render complete, final list length: 2 @ http://localhost:8080/postscript.js:0
[    8056ms] [LOG] [Explorer] Nav event received, generation: 1 @ http://localhost:8080/postscript.js:0
[    8057ms] [LOG] [Explorer] Found 1 explorers @ http://localhost:8080/postscript.js:0
[    8057ms] [LOG] [Explorer] Starting tree build... @ http://localhost:8080/postscript.js:0
[    8057ms] [LOG] [Explorer] Fetching content index... @ http://localhost:8080/postscript.js:0
[    8087ms] [LOG] [Explorer] Fetched data keys: [index, linux, tags/linux, tags/命令, tags/index] @ http://localhost:8080/postscript.js:0
[    8087ms] [LOG] [Explorer] Entry count: 5 @ http://localhost:8080/postscript.js:0
[    8087ms] [LOG] [Explorer] Trie root children: 2 @ http://localhost:8080/postscript.js:0
[    8094ms] [LOG] [Explorer] Render generation is current, rendering tree @ http://localhost:8080/postscript.js:0
[    8094ms] [LOG] [Explorer] Trie result: success @ http://localhost:8080/postscript.js:0
[    8095ms] [LOG] [Explorer] Rendering 1 children @ http://localhost:8080/postscript.js:0
[    8095ms] [LOG] [Explorer] Render complete, final list length: 2 @ http://localhost:8080/postscript.js:0
[    8593ms] [LOG] [Explorer] Nav event received, generation: 1 @ http://localhost:8080/postscript.js:0
[    8593ms] [LOG] [Explorer] Found 1 explorers @ http://localhost:8080/postscript.js:0
[    8593ms] [LOG] [Explorer] Starting tree build... @ http://localhost:8080/postscript.js:0
[    8594ms] [LOG] [Explorer] Fetching content index... @ http://localhost:8080/postscript.js:0
[    8620ms] [LOG] [Explorer] Fetched data keys: [index, linux, tags/linux, tags/命令, tags/index] @ http://localhost:8080/postscript.js:0
[    8620ms] [LOG] [Explorer] Entry count: 5 @ http://localhost:8080/postscript.js:0
[    8621ms] [LOG] [Explorer] Trie root children: 2 @ http://localhost:8080/postscript.js:0
[    8627ms] [LOG] [Explorer] Render generation is current, rendering tree @ http://localhost:8080/postscript.js:0
[    8627ms] [LOG] [Explorer] Trie result: success @ http://localhost:8080/postscript.js:0
[    8627ms] [LOG] [Explorer] Rendering 1 children @ http://localhost:8080/postscript.js:0
[    8628ms] [LOG] [Explorer] Render complete, final list length: 2 @ http://localhost:8080/postscript.js:0
[    9130ms] [LOG] [Explorer] Nav event received, generation: 1 @ http://localhost:8080/postscript.js:0
[    9130ms] [LOG] [Explorer] Found 1 explorers @ http://localhost:8080/postscript.js:0
[    9131ms] [LOG] [Explorer] Starting tree build... @ http://localhost:8080/postscript.js:0
[    9131ms] [LOG] [Explorer] Fetching content index... @ http://localhost:8080/postscript.js:0
[    9157ms] [LOG] [Explorer] Fetched data keys: [index, linux, tags/linux, tags/命令, tags/index] @ http://localhost:8080/postscript.js:0
[    9158ms] [LOG] [Explorer] Entry count: 5 @ http://localhost:8080/postscript.js:0
[    9158ms] [LOG] [Explorer] Trie root children: 2 @ http://localhost:8080/postscript.js:0
[    9165ms] [LOG] [Explorer] Render generation is current, rendering tree @ http://localhost:8080/postscript.js:0
[    9165ms] [LOG] [Explorer] Trie result: success @ http://localhost:8080/postscript.js:0
[    9166ms] [LOG] [Explorer] Rendering 1 children @ http://localhost:8080/postscript.js:0
[    9166ms] [LOG] [Explorer] Render complete, final list length: 2 @ http://localhost:8080/postscript.js:0
[    9671ms] [LOG] [Explorer] Nav event received, generation: 1 @ http://localhost:8080/postscript.js:0
[    9671ms] [LOG] [Explorer] Found 1 explorers @ http://localhost:8080/postscript.js:0
[    9671ms] [LOG] [Explorer] Starting tree build... @ http://localhost:8080/postscript.js:0
[    9671ms] [LOG] [Explorer] Fetching content index... @ http://localhost:8080/postscript.js:0
[    9698ms] [LOG] [Explorer] Fetched data keys: [index, linux, tags/linux, tags/命令, tags/index] @ http://localhost:8080/postscript.js:0
[    9698ms] [LOG] [Explorer] Entry count: 5 @ http://localhost:8080/postscript.js:0
[    9699ms] [LOG] [Explorer] Trie root children: 2 @ http://localhost:8080/postscript.js:0
[    9705ms] [LOG] [Explorer] Render generation is current, rendering tree @ http://localhost:8080/postscript.js:0
[    9705ms] [LOG] [Explorer] Trie result: success @ http://localhost:8080/postscript.js:0
[    9705ms] [LOG] [Explorer] Rendering 1 children @ http://localhost:8080/postscript.js:0
[    9705ms] [LOG] [Explorer] Render complete, final list length: 2 @ http://localhost:8080/postscript.js:0
[   10211ms] [LOG] [Explorer] Nav event received, generation: 1 @ http://localhost:8080/postscript.js:0
[   10211ms] [LOG] [Explorer] Found 1 explorers @ http://localhost:8080/postscript.js:0
[   10211ms] [LOG] [Explorer] Starting tree build... @ http://localhost:8080/postscript.js:0
[   10211ms] [LOG] [Explorer] Fetching content index... @ http://localhost:8080/postscript.js:0
[   10235ms] [LOG] [Explorer] Fetched data keys: [index, linux, tags/linux, tags/命令, tags/index] @ http://localhost:8080/postscript.js:0
[   10235ms] [LOG] [Explorer] Entry count: 5 @ http://localhost:8080/postscript.js:0
[   10235ms] [LOG] [Explorer] Trie root children: 2 @ http://localhost:8080/postscript.js:0
[   10242ms] [LOG] [Explorer] Render generation is current, rendering tree @ http://localhost:8080/postscript.js:0
[   10242ms] [LOG] [Explorer] Trie result: success @ http://localhost:8080/postscript.js:0
[   10242ms] [LOG] [Explorer] Rendering 1 children @ http://localhost:8080/postscript.js:0
[   10242ms] [LOG] [Explorer] Render complete, final list length: 2 @ http://localhost:8080/postscript.js:0
[   10745ms] [LOG] [Explorer] Nav event received, generation: 1 @ http://localhost:8080/postscript.js:0
[   10746ms] [LOG] [Explorer] Found 1 explorers @ http://localhost:8080/postscript.js:0
[   10746ms] [LOG] [Explorer] Starting tree build... @ http://localhost:8080/postscript.js:0
[   10746ms] [LOG] [Explorer] Fetching content index... @ http://localhost:8080/postscript.js:0
[   10773ms] [LOG] [Explorer] Fetched data keys: [index, linux, tags/linux, tags/命令, tags/index] @ http://localhost:8080/postscript.js:0
[   10773ms] [LOG] [Explorer] Entry count: 5 @ http://localhost:8080/postscript.js:0
[   10773ms] [LOG] [Explorer] Trie root children: 2 @ http://localhost:8080/postscript.js:0
[   10781ms] [LOG] [Explorer] Render generation is current, rendering tree @ http://localhost:8080/postscript.js:0
[   10781ms] [LOG] [Explorer] Trie result: success @ http://localhost:8080/postscript.js:0
[   10781ms] [LOG] [Explorer] Rendering 1 children @ http://localhost:8080/postscript.js:0
[   10782ms] [LOG] [Explorer] Render complete, final list length: 2 @ http://localhost:8080/postscript.js:0
[   11309ms] [LOG] [Explorer] Nav event received, generation: 1 @ http://localhost:8080/postscript.js:0
[   11310ms] [LOG] [Explorer] Found 1 explorers @ http://localhost:8080/postscript.js:0
[   11310ms] [LOG] [Explorer] Starting tree build... @ http://localhost:8080/postscript.js:0
[   11310ms] [LOG] [Explorer] Fetching content index... @ http://localhost:8080/postscript.js:0
[   11335ms] [LOG] [Explorer] Fetched data keys: [index, linux, tags/linux, tags/命令, tags/index] @ http://localhost:8080/postscript.js:0
[   11335ms] [LOG] [Explorer] Entry count: 5 @ http://localhost:8080/postscript.js:0
[   11335ms] [LOG] [Explorer] Trie root children: 2 @ http://localhost:8080/postscript.js:0
[   11342ms] [LOG] [Explorer] Render generation is current, rendering tree @ http://localhost:8080/postscript.js:0
[   11343ms] [LOG] [Explorer] Trie result: success @ http://localhost:8080/postscript.js:0
[   11343ms] [LOG] [Explorer] Rendering 1 children @ http://localhost:8080/postscript.js:0
[   11343ms] [LOG] [Explorer] Render complete, final list length: 2 @ http://localhost:8080/postscript.js:0
[   11864ms] [LOG] [Explorer] Nav event received, generation: 1 @ http://localhost:8080/postscript.js:0
[   11864ms] [LOG] [Explorer] Found 1 explorers @ http://localhost:8080/postscript.js:0
[   11864ms] [LOG] [Explorer] Starting tree build... @ http://localhost:8080/postscript.js:0
[   11865ms] [LOG] [Explorer] Fetching content index... @ http://localhost:8080/postscript.js:0
[   11895ms] [LOG] [Explorer] Fetched data keys: [index, linux, tags/linux, tags/命令, tags/index] @ http://localhost:8080/postscript.js:0
[   11895ms] [LOG] [Explorer] Entry count: 5 @ http://localhost:8080/postscript.js:0
[   11895ms] [LOG] [Explorer] Trie root children: 2 @ http://localhost:8080/postscript.js:0
[   11903ms] [LOG] [Explorer] Render generation is current, rendering tree @ http://localhost:8080/postscript.js:0
[   11903ms] [LOG] [Explorer] Trie result: success @ http://localhost:8080/postscript.js:0
[   11903ms] [LOG] [Explorer] Rendering 1 children @ http://localhost:8080/postscript.js:0
[   11903ms] [LOG] [Explorer] Render complete, final list length: 2 @ http://localhost:8080/postscript.js:0
[   12416ms] [LOG] [Explorer] Nav event received, generation: 1 @ http://localhost:8080/postscript.js:0
[   12416ms] [LOG] [Explorer] Found 1 explorers @ http://localhost:8080/postscript.js:0
[   12416ms] [LOG] [Explorer] Starting tree build... @ http://localhost:8080/postscript.js:0
[   12416ms] [LOG] [Explorer] Fetching content index... @ http://localhost:8080/postscript.js:0
[   12450ms] [LOG] [Explorer] Fetched data keys: [index, linux, tags/linux, tags/命令, tags/index] @ http://localhost:8080/postscript.js:0
[   12450ms] [LOG] [Explorer] Entry count: 5 @ http://localhost:8080/postscript.js:0
[   12450ms] [LOG] [Explorer] Trie root children: 2 @ http://localhost:8080/postscript.js:0
[   12457ms] [LOG] [Explorer] Render generation is current, rendering tree @ http://localhost:8080/postscript.js:0
[   12457ms] [LOG] [Explorer] Trie result: success @ http://localhost:8080/postscript.js:0
[   12457ms] [LOG] [Explorer] Rendering 1 children @ http://localhost:8080/postscript.js:0
[   12458ms] [LOG] [Explorer] Render complete, final list length: 2 @ http://localhost:8080/postscript.js:0
[   12959ms] [LOG] [Explorer] Nav event received, generation: 1 @ http://localhost:8080/postscript.js:0
[   12959ms] [LOG] [Explorer] Found 1 explorers @ http://localhost:8080/postscript.js:0
[   12959ms] [LOG] [Explorer] Starting tree build... @ http://localhost:8080/postscript.js:0
[   12959ms] [LOG] [Explorer] Fetching content index... @ http://localhost:8080/postscript.js:0
[   12977ms] [LOG] [Explorer] Fetched data keys: [index, linux, tags/linux, tags/命令, tags/index] @ http://localhost:8080/postscript.js:0
[   12977ms] [LOG] [Explorer] Entry count: 5 @ http://localhost:8080/postscript.js:0
[   12978ms] [LOG] [Explorer] Trie root children: 2 @ http://localhost:8080/postscript.js:0
[   12984ms] [LOG] [Explorer] Render generation is current, rendering tree @ http://localhost:8080/postscript.js:0
[   12985ms] [LOG] [Explorer] Trie result: success @ http://localhost:8080/postscript.js:0
[   12985ms] [LOG] [Explorer] Rendering 1 children @ http://localhost:8080/postscript.js:0
[   12985ms] [LOG] [Explorer] Render complete, final list length: 2 @ http://localhost:8080/postscript.js:0
[   13502ms] [LOG] [Explorer] Nav event received, generation: 1 @ http://localhost:8080/postscript.js:0
[   13502ms] [LOG] [Explorer] Found 1 explorers @ http://localhost:8080/postscript.js:0
[   13502ms] [LOG] [Explorer] Starting tree build... @ http://localhost:8080/postscript.js:0
[   13502ms] [LOG] [Explorer] Fetching content index... @ http://localhost:8080/postscript.js:0
[   13528ms] [LOG] [Explorer] Fetched data keys: [index, linux, tags/linux, tags/命令, tags/index] @ http://localhost:8080/postscript.js:0
[   13528ms] [LOG] [Explorer] Entry count: 5 @ http://localhost:8080/postscript.js:0
[   13528ms] [LOG] [Explorer] Trie root children: 2 @ http://localhost:8080/postscript.js:0
[   13535ms] [LOG] [Explorer] Render generation is current, rendering tree @ http://localhost:8080/postscript.js:0
[   13535ms] [LOG] [Explorer] Trie result: success @ http://localhost:8080/postscript.js:0
[   13535ms] [LOG] [Explorer] Rendering 1 children @ http://localhost:8080/postscript.js:0
[   13535ms] [LOG] [Explorer] Render complete, final list length: 2 @ http://localhost:8080/postscript.js:0
[   14044ms] [LOG] [Explorer] Nav event received, generation: 1 @ http://localhost:8080/postscript.js:0
[   14044ms] [LOG] [Explorer] Found 1 explorers @ http://localhost:8080/postscript.js:0
[   14044ms] [LOG] [Explorer] Starting tree build... @ http://localhost:8080/postscript.js:0
[   14044ms] [LOG] [Explorer] Fetching content index... @ http://localhost:8080/postscript.js:0
[   14068ms] [LOG] [Explorer] Fetched data keys: [index, linux, tags/linux, tags/命令, tags/index] @ http://localhost:8080/postscript.js:0
[   14069ms] [LOG] [Explorer] Entry count: 5 @ http://localhost:8080/postscript.js:0
[   14069ms] [LOG] [Explorer] Trie root children: 2 @ http://localhost:8080/postscript.js:0
[   14076ms] [LOG] [Explorer] Render generation is current, rendering tree @ http://localhost:8080/postscript.js:0
[   14076ms] [LOG] [Explorer] Trie result: success @ http://localhost:8080/postscript.js:0
[   14076ms] [LOG] [Explorer] Rendering 1 children @ http://localhost:8080/postscript.js:0
[   14076ms] [LOG] [Explorer] Render complete, final list length: 2 @ http://localhost:8080/postscript.js:0
[   14580ms] [LOG] [Explorer] Nav event received, generation: 1 @ http://localhost:8080/postscript.js:0
[   14580ms] [LOG] [Explorer] Found 1 explorers @ http://localhost:8080/postscript.js:0
[   14580ms] [LOG] [Explorer] Starting tree build... @ http://localhost:8080/postscript.js:0
[   14580ms] [LOG] [Explorer] Fetching content index... @ http://localhost:8080/postscript.js:0
[   14605ms] [LOG] [Explorer] Fetched data keys: [index, linux, tags/linux, tags/命令, tags/index] @ http://localhost:8080/postscript.js:0
[   14605ms] [LOG] [Explorer] Entry count: 5 @ http://localhost:8080/postscript.js:0
[   14606ms] [LOG] [Explorer] Trie root children: 2 @ http://localhost:8080/postscript.js:0
[   14612ms] [LOG] [Explorer] Render generation is current, rendering tree @ http://localhost:8080/postscript.js:0
[   14612ms] [LOG] [Explorer] Trie result: success @ http://localhost:8080/postscript.js:0
[   14612ms] [LOG] [Explorer] Rendering 1 children @ http://localhost:8080/postscript.js:0
[   14613ms] [LOG] [Explorer] Render complete, final list length: 2 @ http://localhost:8080/postscript.js:0
[   15139ms] [LOG] [Explorer] Nav event received, generation: 1 @ http://localhost:8080/postscript.js:0
[   15139ms] [LOG] [Explorer] Found 1 explorers @ http://localhost:8080/postscript.js:0
[   15139ms] [LOG] [Explorer] Starting tree build... @ http://localhost:8080/postscript.js:0
[   15139ms] [LOG] [Explorer] Fetching content index... @ http://localhost:8080/postscript.js:0
[   15141ms] [LOG] [Explorer] Fetched data keys: [index, linux, tags/linux, tags/命令, tags/index] @ http://localhost:8080/postscript.js:0
[   15141ms] [LOG] [Explorer] Entry count: 5 @ http://localhost:8080/postscript.js:0
[   15141ms] [LOG] [Explorer] Trie root children: 2 @ http://localhost:8080/postscript.js:0
[   15144ms] [LOG] [Explorer] Render generation is current, rendering tree @ http://localhost:8080/postscript.js:0
[   15144ms] [LOG] [Explorer] Trie result: success @ http://localhost:8080/postscript.js:0
[   15145ms] [LOG] [Explorer] Rendering 1 children @ http://localhost:8080/postscript.js:0
[   15145ms] [LOG] [Explorer] Render complete, final list length: 2 @ http://localhost:8080/postscript.js:0
[   15671ms] [LOG] [Explorer] Nav event received, generation: 1 @ http://localhost:8080/postscript.js:0
[   15672ms] [LOG] [Explorer] Found 1 explorers @ http://localhost:8080/postscript.js:0
[   15672ms] [LOG] [Explorer] Starting tree build... @ http://localhost:8080/postscript.js:0
[   15672ms] [LOG] [Explorer] Fetching content index... @ http://localhost:8080/postscript.js:0
[   15699ms] [LOG] [Explorer] Fetched data keys: [index, linux, tags/linux, tags/命令, tags/index] @ http://localhost:8080/postscript.js:0
[   15699ms] [LOG] [Explorer] Entry count: 5 @ http://localhost:8080/postscript.js:0
[   15699ms] [LOG] [Explorer] Trie root children: 2 @ http://localhost:8080/postscript.js:0
[   15706ms] [LOG] [Explorer] Render generation is current, rendering tree @ http://localhost:8080/postscript.js:0
[   15706ms] [LOG] [Explorer] Trie result: success @ http://localhost:8080/postscript.js:0
[   15706ms] [LOG] [Explorer] Rendering 1 children @ http://localhost:8080/postscript.js:0
[   15706ms] [LOG] [Explorer] Render complete, final list length: 2 @ http://localhost:8080/postscript.js:0
[   16213ms] [LOG] [Explorer] Nav event received, generation: 1 @ http://localhost:8080/postscript.js:0
[   16213ms] [LOG] [Explorer] Found 1 explorers @ http://localhost:8080/postscript.js:0
[   16213ms] [LOG] [Explorer] Starting tree build... @ http://localhost:8080/postscript.js:0
[   16213ms] [LOG] [Explorer] Fetching content index... @ http://localhost:8080/postscript.js:0
[   16244ms] [LOG] [Explorer] Fetched data keys: [index, linux, tags/linux, tags/命令, tags/index] @ http://localhost:8080/postscript.js:0
[   16244ms] [LOG] [Explorer] Entry count: 5 @ http://localhost:8080/postscript.js:0
[   16244ms] [LOG] [Explorer] Trie root children: 2 @ http://localhost:8080/postscript.js:0
[   16251ms] [LOG] [Explorer] Render generation is current, rendering tree @ http://localhost:8080/postscript.js:0
[   16251ms] [LOG] [Explorer] Trie result: success @ http://localhost:8080/postscript.js:0
[   16251ms] [LOG] [Explorer] Rendering 1 children @ http://localhost:8080/postscript.js:0
[   16252ms] [LOG] [Explorer] Render complete, final list length: 2 @ http://localhost:8080/postscript.js:0
[   16749ms] [LOG] [Explorer] Nav event received, generation: 1 @ http://localhost:8080/postscript.js:0
[   16749ms] [LOG] [Explorer] Found 1 explorers @ http://localhost:8080/postscript.js:0
[   16749ms] [LOG] [Explorer] Starting tree build... @ http://localhost:8080/postscript.js:0
[   16749ms] [LOG] [Explorer] Fetching content index... @ http://localhost:8080/postscript.js:0
[   16775ms] [LOG] [Explorer] Fetched data keys: [index, linux, tags/linux, tags/命令, tags/index] @ http://localhost:8080/postscript.js:0
[   16775ms] [LOG] [Explorer] Entry count: 5 @ http://localhost:8080/postscript.js:0
[   16775ms] [LOG] [Explorer] Trie root children: 2 @ http://localhost:8080/postscript.js:0
[   16782ms] [LOG] [Explorer] Render generation is current, rendering tree @ http://localhost:8080/postscript.js:0
[   16782ms] [LOG] [Explorer] Trie result: success @ http://localhost:8080/postscript.js:0
[   16783ms] [LOG] [Explorer] Rendering 1 children @ http://localhost:8080/postscript.js:0
[   16783ms] [LOG] [Explorer] Render complete, final list length: 2 @ http://localhost:8080/postscript.js:0
[   17285ms] [LOG] [Explorer] Nav event received, generation: 1 @ http://localhost:8080/postscript.js:0
[   17285ms] [LOG] [Explorer] Found 1 explorers @ http://localhost:8080/postscript.js:0
[   17285ms] [LOG] [Explorer] Starting tree build... @ http://localhost:8080/postscript.js:0
[   17285ms] [LOG] [Explorer] Fetching content index... @ http://localhost:8080/postscript.js:0
[   17310ms] [LOG] [Explorer] Fetched data keys: [index, linux, tags/linux, tags/命令, tags/index] @ http://localhost:8080/postscript.js:0
[   17310ms] [LOG] [Explorer] Entry count: 5 @ http://localhost:8080/postscript.js:0
[   17310ms] [LOG] [Explorer] Trie root children: 2 @ http://localhost:8080/postscript.js:0
[   17318ms] [LOG] [Explorer] Render generation is current, rendering tree @ http://localhost:8080/postscript.js:0
[   17318ms] [LOG] [Explorer] Trie result: success @ http://localhost:8080/postscript.js:0
[   17318ms] [LOG] [Explorer] Rendering 1 children @ http://localhost:8080/postscript.js:0
[   17318ms] [LOG] [Explorer] Render complete, final list length: 2 @ http://localhost:8080/postscript.js:0
[   17847ms] [LOG] [Explorer] Nav event received, generation: 1 @ http://localhost:8080/postscript.js:0
[   17847ms] [LOG] [Explorer] Found 1 explorers @ http://localhost:8080/postscript.js:0
[   17847ms] [LOG] [Explorer] Starting tree build... @ http://localhost:8080/postscript.js:0
[   17847ms] [LOG] [Explorer] Fetching content index... @ http://localhost:8080/postscript.js:0
[   17876ms] [LOG] [Explorer] Fetched data keys: [index, linux, tags/linux, tags/命令, tags/index] @ http://localhost:8080/postscript.js:0
[   17876ms] [LOG] [Explorer] Entry count: 5 @ http://localhost:8080/postscript.js:0
[   17876ms] [LOG] [Explorer] Trie root children: 2 @ http://localhost:8080/postscript.js:0
[   17884ms] [LOG] [Explorer] Render generation is current, rendering tree @ http://localhost:8080/postscript.js:0
[   17884ms] [LOG] [Explorer] Trie result: success @ http://localhost:8080/postscript.js:0
[   17884ms] [LOG] [Explorer] Rendering 1 children @ http://localhost:8080/postscript.js:0
[   17885ms] [LOG] [Explorer] Render complete, final list length: 2 @ http://localhost:8080/postscript.js:0
[   18398ms] [LOG] [Explorer] Nav event received, generation: 1 @ http://localhost:8080/postscript.js:0
[   18399ms] [LOG] [Explorer] Found 1 explorers @ http://localhost:8080/postscript.js:0
[   18399ms] [LOG] [Explorer] Starting tree build... @ http://localhost:8080/postscript.js:0
[   18399ms] [LOG] [Explorer] Fetching content index... @ http://localhost:8080/postscript.js:0
[   18428ms] [LOG] [Explorer] Fetched data keys: [index, linux, tags/linux, tags/命令, tags/index] @ http://localhost:8080/postscript.js:0
[   18428ms] [LOG] [Explorer] Entry count: 5 @ http://localhost:8080/postscript.js:0
[   18428ms] [LOG] [Explorer] Trie root children: 2 @ http://localhost:8080/postscript.js:0
[   18436ms] [LOG] [Explorer] Render generation is current, rendering tree @ http://localhost:8080/postscript.js:0
[   18436ms] [LOG] [Explorer] Trie result: success @ http://localhost:8080/postscript.js:0
[   18436ms] [LOG] [Explorer] Rendering 1 children @ http://localhost:8080/postscript.js:0
[   18436ms] [LOG] [Explorer] Render complete, final list length: 2 @ http://localhost:8080/postscript.js:0
[   18932ms] [LOG] [Explorer] Nav event received, generation: 1 @ http://localhost:8080/postscript.js:0
[   18933ms] [LOG] [Explorer] Found 1 explorers @ http://localhost:8080/postscript.js:0
[   18933ms] [LOG] [Explorer] Starting tree build... @ http://localhost:8080/postscript.js:0
[   18933ms] [LOG] [Explorer] Fetching content index... @ http://localhost:8080/postscript.js:0
[   18960ms] [LOG] [Explorer] Fetched data keys: [index, linux, tags/linux, tags/命令, tags/index] @ http://localhost:8080/postscript.js:0
[   18961ms] [LOG] [Explorer] Entry count: 5 @ http://localhost:8080/postscript.js:0
[   18961ms] [LOG] [Explorer] Trie root children: 2 @ http://localhost:8080/postscript.js:0
[   18968ms] [LOG] [Explorer] Render generation is current, rendering tree @ http://localhost:8080/postscript.js:0
[   18968ms] [LOG] [Explorer] Trie result: success @ http://localhost:8080/postscript.js:0
[   18968ms] [LOG] [Explorer] Rendering 1 children @ http://localhost:8080/postscript.js:0
[   18968ms] [LOG] [Explorer] Render complete, final list length: 2 @ http://localhost:8080/postscript.js:0
[   19476ms] [LOG] [Explorer] Nav event received, generation: 1 @ http://localhost:8080/postscript.js:0
[   19476ms] [LOG] [Explorer] Found 1 explorers @ http://localhost:8080/postscript.js:0
[   19476ms] [LOG] [Explorer] Starting tree build... @ http://localhost:8080/postscript.js:0
[   19476ms] [LOG] [Explorer] Fetching content index... @ http://localhost:8080/postscript.js:0
[   19491ms] [LOG] [Explorer] Fetched data keys: [index, linux, tags/linux, tags/命令, tags/index] @ http://localhost:8080/postscript.js:0
[   19491ms] [LOG] [Explorer] Entry count: 5 @ http://localhost:8080/postscript.js:0
[   19491ms] [LOG] [Explorer] Trie root children: 2 @ http://localhost:8080/postscript.js:0
[   19499ms] [LOG] [Explorer] Render generation is current, rendering tree @ http://localhost:8080/postscript.js:0
[   19499ms] [LOG] [Explorer] Trie result: success @ http://localhost:8080/postscript.js:0
[   19499ms] [LOG] [Explorer] Rendering 1 children @ http://localhost:8080/postscript.js:0
[   19499ms] [LOG] [Explorer] Render complete, final list length: 2 @ http://localhost:8080/postscript.js:0
[   20013ms] [LOG] [Explorer] Nav event received, generation: 1 @ http://localhost:8080/postscript.js:0
[   20013ms] [LOG] [Explorer] Found 1 explorers @ http://localhost:8080/postscript.js:0
[   20013ms] [LOG] [Explorer] Starting tree build... @ http://localhost:8080/postscript.js:0
[   20013ms] [LOG] [Explorer] Fetching content index... @ http://localhost:8080/postscript.js:0
[   20044ms] [LOG] [Explorer] Fetched data keys: [index, linux, tags/linux, tags/命令, tags/index] @ http://localhost:8080/postscript.js:0
[   20044ms] [LOG] [Explorer] Entry count: 5 @ http://localhost:8080/postscript.js:0
[   20044ms] [LOG] [Explorer] Trie root children: 2 @ http://localhost:8080/postscript.js:0
[   20051ms] [LOG] [Explorer] Render generation is current, rendering tree @ http://localhost:8080/postscript.js:0
[   20051ms] [LOG] [Explorer] Trie result: success @ http://localhost:8080/postscript.js:0
[   20051ms] [LOG] [Explorer] Rendering 1 children @ http://localhost:8080/postscript.js:0
[   20052ms] [LOG] [Explorer] Render complete, final list length: 2 @ http://localhost:8080/postscript.js:0
[   20550ms] [LOG] [Explorer] Nav event received, generation: 1 @ http://localhost:8080/postscript.js:0
[   20551ms] [LOG] [Explorer] Found 1 explorers @ http://localhost:8080/postscript.js:0
[   20551ms] [LOG] [Explorer] Starting tree build... @ http://localhost:8080/postscript.js:0
[   20551ms] [LOG] [Explorer] Fetching content index... @ http://localhost:8080/postscript.js:0
[   20581ms] [LOG] [Explorer] Fetched data keys: [index, linux, tags/linux, tags/命令, tags/index] @ http://localhost:8080/postscript.js:0
[   20581ms] [LOG] [Explorer] Entry count: 5 @ http://localhost:8080/postscript.js:0
[   20581ms] [LOG] [Explorer] Trie root children: 2 @ http://localhost:8080/postscript.js:0
[   20588ms] [LOG] [Explorer] Render generation is current, rendering tree @ http://localhost:8080/postscript.js:0
[   20588ms] [LOG] [Explorer] Trie result: success @ http://localhost:8080/postscript.js:0
[   20588ms] [LOG] [Explorer] Rendering 1 children @ http://localhost:8080/postscript.js:0
[   20589ms] [LOG] [Explorer] Render complete, final list length: 2 @ http://localhost:8080/postscript.js:0
[   21100ms] [LOG] [Explorer] Nav event received, generation: 1 @ http://localhost:8080/postscript.js:0
[   21100ms] [LOG] [Explorer] Found 1 explorers @ http://localhost:8080/postscript.js:0
[   21101ms] [LOG] [Explorer] Starting tree build... @ http://localhost:8080/postscript.js:0
[   21101ms] [LOG] [Explorer] Fetching content index... @ http://localhost:8080/postscript.js:0
[   21127ms] [LOG] [Explorer] Fetched data keys: [index, linux, tags/linux, tags/命令, tags/index] @ http://localhost:8080/postscript.js:0
[   21127ms] [LOG] [Explorer] Entry count: 5 @ http://localhost:8080/postscript.js:0
[   21127ms] [LOG] [Explorer] Trie root children: 2 @ http://localhost:8080/postscript.js:0
[   21135ms] [LOG] [Explorer] Render generation is current, rendering tree @ http://localhost:8080/postscript.js:0
[   21136ms] [LOG] [Explorer] Trie result: success @ http://localhost:8080/postscript.js:0
[   21136ms] [LOG] [Explorer] Rendering 1 children @ http://localhost:8080/postscript.js:0
[   21136ms] [LOG] [Explorer] Render complete, final list length: 2 @ http://localhost:8080/postscript.js:0
[   21647ms] [LOG] [Explorer] Nav event received, generation: 1 @ http://localhost:8080/postscript.js:0
[   21648ms] [LOG] [Explorer] Found 1 explorers @ http://localhost:8080/postscript.js:0
[   21648ms] [LOG] [Explorer] Starting tree build... @ http://localhost:8080/postscript.js:0
[   21648ms] [LOG] [Explorer] Fetching content index... @ http://localhost:8080/postscript.js:0
[   21696ms] [LOG] [Explorer] Fetched data keys: [index, linux, tags/linux, tags/命令, tags/index] @ http://localhost:8080/postscript.js:0
[   21696ms] [LOG] [Explorer] Entry count: 5 @ http://localhost:8080/postscript.js:0
[   21696ms] [LOG] [Explorer] Trie root children: 2 @ http://localhost:8080/postscript.js:0
[   21705ms] [LOG] [Explorer] Render generation is current, rendering tree @ http://localhost:8080/postscript.js:0
[   21705ms] [LOG] [Explorer] Trie result: success @ http://localhost:8080/postscript.js:0
[   21705ms] [LOG] [Explorer] Rendering 1 children @ http://localhost:8080/postscript.js:0
[   21705ms] [LOG] [Explorer] Render complete, final list length: 2 @ http://localhost:8080/postscript.js:0
[   22183ms] [LOG] [Explorer] Nav event received, generation: 1 @ http://localhost:8080/postscript.js:0
[   22184ms] [LOG] [Explorer] Found 1 explorers @ http://localhost:8080/postscript.js:0
[   22184ms] [LOG] [Explorer] Starting tree build... @ http://localhost:8080/postscript.js:0
[   22184ms] [LOG] [Explorer] Fetching content index... @ http://localhost:8080/postscript.js:0
[   22209ms] [LOG] [Explorer] Fetched data keys: [index, linux, tags/linux, tags/命令, tags/index] @ http://localhost:8080/postscript.js:0
[   22209ms] [LOG] [Explorer] Entry count: 5 @ http://localhost:8080/postscript.js:0
[   22209ms] [LOG] [Explorer] Trie root children: 2 @ http://localhost:8080/postscript.js:0
[   22216ms] [LOG] [Explorer] Render generation is current, rendering tree @ http://localhost:8080/postscript.js:0
[   22216ms] [LOG] [Explorer] Trie result: success @ http://localhost:8080/postscript.js:0
[   22216ms] [LOG] [Explorer] Rendering 1 children @ http://localhost:8080/postscript.js:0
[   22216ms] [LOG] [Explorer] Render complete, final list length: 2 @ http://localhost:8080/postscript.js:0
[   22727ms] [LOG] [Explorer] Nav event received, generation: 1 @ http://localhost:8080/postscript.js:0
[   22727ms] [LOG] [Explorer] Found 1 explorers @ http://localhost:8080/postscript.js:0
[   22727ms] [LOG] [Explorer] Starting tree build... @ http://localhost:8080/postscript.js:0
[   22727ms] [LOG] [Explorer] Fetching content index... @ http://localhost:8080/postscript.js:0
[   22757ms] [LOG] [Explorer] Fetched data keys: [index, linux, tags/linux, tags/命令, tags/index] @ http://localhost:8080/postscript.js:0
[   22757ms] [LOG] [Explorer] Entry count: 5 @ http://localhost:8080/postscript.js:0
[   22757ms] [LOG] [Explorer] Trie root children: 2 @ http://localhost:8080/postscript.js:0
[   22765ms] [LOG] [Explorer] Render generation is current, rendering tree @ http://localhost:8080/postscript.js:0
[   22765ms] [LOG] [Explorer] Trie result: success @ http://localhost:8080/postscript.js:0
[   22765ms] [LOG] [Explorer] Rendering 1 children @ http://localhost:8080/postscript.js:0
[   22765ms] [LOG] [Explorer] Render complete, final list length: 2 @ http://localhost:8080/postscript.js:0
[   23268ms] [LOG] [Explorer] Nav event received, generation: 1 @ http://localhost:8080/postscript.js:0
[   23268ms] [LOG] [Explorer] Found 1 explorers @ http://localhost:8080/postscript.js:0
[   23268ms] [LOG] [Explorer] Starting tree build... @ http://localhost:8080/postscript.js:0
[   23268ms] [LOG] [Explorer] Fetching content index... @ http://localhost:8080/postscript.js:0
[   23290ms] [LOG] [Explorer] Fetched data keys: [index, linux, tags/linux, tags/命令, tags/index] @ http://localhost:8080/postscript.js:0
[   23290ms] [LOG] [Explorer] Entry count: 5 @ http://localhost:8080/postscript.js:0
[   23290ms] [LOG] [Explorer] Trie root children: 2 @ http://localhost:8080/postscript.js:0
[   23297ms] [LOG] [Explorer] Render generation is current, rendering tree @ http://localhost:8080/postscript.js:0
[   23297ms] [LOG] [Explorer] Trie result: success @ http://localhost:8080/postscript.js:0
[   23297ms] [LOG] [Explorer] Rendering 1 children @ http://localhost:8080/postscript.js:0
[   23297ms] [LOG] [Explorer] Render complete, final list length: 2 @ http://localhost:8080/postscript.js:0
[   23804ms] [LOG] [Explorer] Nav event received, generation: 1 @ http://localhost:8080/postscript.js:0
[   23804ms] [LOG] [Explorer] Found 1 explorers @ http://localhost:8080/postscript.js:0
[   23804ms] [LOG] [Explorer] Starting tree build... @ http://localhost:8080/postscript.js:0
[   23804ms] [LOG] [Explorer] Fetching content index... @ http://localhost:8080/postscript.js:0
[   23830ms] [LOG] [Explorer] Fetched data keys: [index, linux, tags/linux, tags/命令, tags/index] @ http://localhost:8080/postscript.js:0
[   23830ms] [LOG] [Explorer] Entry count: 5 @ http://localhost:8080/postscript.js:0
[   23830ms] [LOG] [Explorer] Trie root children: 2 @ http://localhost:8080/postscript.js:0
[   23837ms] [LOG] [Explorer] Render generation is current, rendering tree @ http://localhost:8080/postscript.js:0
[   23837ms] [LOG] [Explorer] Trie result: success @ http://localhost:8080/postscript.js:0
[   23837ms] [LOG] [Explorer] Rendering 1 children @ http://localhost:8080/postscript.js:0
[   23837ms] [LOG] [Explorer] Render complete, final list length: 2 @ http://localhost:8080/postscript.js:0
[   24335ms] [LOG] [Explorer] Nav event received, generation: 1 @ http://localhost:8080/postscript.js:0
[   24335ms] [LOG] [Explorer] Found 1 explorers @ http://localhost:8080/postscript.js:0
[   24335ms] [LOG] [Explorer] Starting tree build... @ http://localhost:8080/postscript.js:0
[   24335ms] [LOG] [Explorer] Fetching content index... @ http://localhost:8080/postscript.js:0
[   24365ms] [LOG] [Explorer] Fetched data keys: [index, linux, tags/linux, tags/命令, tags/index] @ http://localhost:8080/postscript.js:0
[   24365ms] [LOG] [Explorer] Entry count: 5 @ http://localhost:8080/postscript.js:0
[   24365ms] [LOG] [Explorer] Trie root children: 2 @ http://localhost:8080/postscript.js:0
[   24373ms] [LOG] [Explorer] Render generation is current, rendering tree @ http://localhost:8080/postscript.js:0
[   24374ms] [LOG] [Explorer] Trie result: success @ http://localhost:8080/postscript.js:0
[   24374ms] [LOG] [Explorer] Rendering 1 children @ http://localhost:8080/postscript.js:0
[   24374ms] [LOG] [Explorer] Render complete, final list length: 2 @ http://localhost:8080/postscript.js:0
[   24880ms] [LOG] [Explorer] Nav event received, generation: 1 @ http://localhost:8080/postscript.js:0
[   24880ms] [LOG] [Explorer] Found 1 explorers @ http://localhost:8080/postscript.js:0
[   24880ms] [LOG] [Explorer] Starting tree build... @ http://localhost:8080/postscript.js:0
[   24880ms] [LOG] [Explorer] Fetching content index... @ http://localhost:8080/postscript.js:0
[   24907ms] [LOG] [Explorer] Fetched data keys: [index, linux, tags/linux, tags/命令, tags/index] @ http://localhost:8080/postscript.js:0
[   24907ms] [LOG] [Explorer] Entry count: 5 @ http://localhost:8080/postscript.js:0
[   24908ms] [LOG] [Explorer] Trie root children: 2 @ http://localhost:8080/postscript.js:0
[   24915ms] [LOG] [Explorer] Render generation is current, rendering tree @ http://localhost:8080/postscript.js:0
[   24915ms] [LOG] [Explorer] Trie result: success @ http://localhost:8080/postscript.js:0
[   24915ms] [LOG] [Explorer] Rendering 1 children @ http://localhost:8080/postscript.js:0
[   24915ms] [LOG] [Explorer] Render complete, final list length: 2 @ http://localhost:8080/postscript.js:0
[   25442ms] [LOG] [Explorer] Nav event received, generation: 1 @ http://localhost:8080/postscript.js:0
[   25442ms] [LOG] [Explorer] Found 1 explorers @ http://localhost:8080/postscript.js:0
[   25442ms] [LOG] [Explorer] Starting tree build... @ http://localhost:8080/postscript.js:0
[   25442ms] [LOG] [Explorer] Fetching content index... @ http://localhost:8080/postscript.js:0
[   25444ms] [LOG] [Explorer] Fetched data keys: [index, linux, tags/linux, tags/命令, tags/index] @ http://localhost:8080/postscript.js:0
[   25444ms] [LOG] [Explorer] Entry count: 5 @ http://localhost:8080/postscript.js:0
[   25444ms] [LOG] [Explorer] Trie root children: 2 @ http://localhost:8080/postscript.js:0
[   25446ms] [LOG] [Explorer] Render generation is current, rendering tree @ http://localhost:8080/postscript.js:0
[   25446ms] [LOG] [Explorer] Trie result: success @ http://localhost:8080/postscript.js:0
[   25446ms] [LOG] [Explorer] Rendering 1 children @ http://localhost:8080/postscript.js:0
[   25446ms] [LOG] [Explorer] Render complete, final list length: 2 @ http://localhost:8080/postscript.js:0
[   25994ms] [LOG] [Explorer] Nav event received, generation: 1 @ http://localhost:8080/postscript.js:0
[   25994ms] [LOG] [Explorer] Found 1 explorers @ http://localhost:8080/postscript.js:0
[   25994ms] [LOG] [Explorer] Starting tree build... @ http://localhost:8080/postscript.js:0
[   25994ms] [LOG] [Explorer] Fetching content index... @ http://localhost:8080/postscript.js:0
[   26021ms] [LOG] [Explorer] Fetched data keys: [index, linux, tags/linux, tags/命令, tags/index] @ http://localhost:8080/postscript.js:0
[   26022ms] [LOG] [Explorer] Entry count: 5 @ http://localhost:8080/postscript.js:0
[   26022ms] [LOG] [Explorer] Trie root children: 2 @ http://localhost:8080/postscript.js:0
[   26029ms] [LOG] [Explorer] Render generation is current, rendering tree @ http://localhost:8080/postscript.js:0
[   26029ms] [LOG] [Explorer] Trie result: success @ http://localhost:8080/postscript.js:0
[   26029ms] [LOG] [Explorer] Rendering 1 children @ http://localhost:8080/postscript.js:0
[   26029ms] [LOG] [Explorer] Render complete, final list length: 2 @ http://localhost:8080/postscript.js:0
[   26530ms] [LOG] [Explorer] Nav event received, generation: 1 @ http://localhost:8080/postscript.js:0
[   26530ms] [LOG] [Explorer] Found 1 explorers @ http://localhost:8080/postscript.js:0
[   26530ms] [LOG] [Explorer] Starting tree build... @ http://localhost:8080/postscript.js:0
[   26530ms] [LOG] [Explorer] Fetching content index... @ http://localhost:8080/postscript.js:0
[   26556ms] [LOG] [Explorer] Fetched data keys: [index, linux, tags/linux, tags/命令, tags/index] @ http://localhost:8080/postscript.js:0
[   26556ms] [LOG] [Explorer] Entry count: 5 @ http://localhost:8080/postscript.js:0
[   26556ms] [LOG] [Explorer] Trie root children: 2 @ http://localhost:8080/postscript.js:0
[   26563ms] [LOG] [Explorer] Render generation is current, rendering tree @ http://localhost:8080/postscript.js:0
[   26563ms] [LOG] [Explorer] Trie result: success @ http://localhost:8080/postscript.js:0
[   26563ms] [LOG] [Explorer] Rendering 1 children @ http://localhost:8080/postscript.js:0
[   26564ms] [LOG] [Explorer] Render complete, final list length: 2 @ http://localhost:8080/postscript.js:0
[   27071ms] [LOG] [Explorer] Nav event received, generation: 1 @ http://localhost:8080/postscript.js:0
[   27071ms] [LOG] [Explorer] Found 1 explorers @ http://localhost:8080/postscript.js:0
[   27071ms] [LOG] [Explorer] Starting tree build... @ http://localhost:8080/postscript.js:0
[   27071ms] [LOG] [Explorer] Fetching content index... @ http://localhost:8080/postscript.js:0
[   27096ms] [LOG] [Explorer] Fetched data keys: [index, linux, tags/linux, tags/命令, tags/index] @ http://localhost:8080/postscript.js:0
[   27097ms] [LOG] [Explorer] Entry count: 5 @ http://localhost:8080/postscript.js:0
[   27097ms] [LOG] [Explorer] Trie root children: 2 @ http://localhost:8080/postscript.js:0
[   27104ms] [LOG] [Explorer] Render generation is current, rendering tree @ http://localhost:8080/postscript.js:0
[   27104ms] [LOG] [Explorer] Trie result: success @ http://localhost:8080/postscript.js:0
[   27105ms] [LOG] [Explorer] Rendering 1 children @ http://localhost:8080/postscript.js:0
[   27105ms] [LOG] [Explorer] Render complete, final list length: 2 @ http://localhost:8080/postscript.js:0
[   27604ms] [LOG] [Explorer] Nav event received, generation: 1 @ http://localhost:8080/postscript.js:0
[   27604ms] [LOG] [Explorer] Found 1 explorers @ http://localhost:8080/postscript.js:0
[   27604ms] [LOG] [Explorer] Starting tree build... @ http://localhost:8080/postscript.js:0
[   27604ms] [LOG] [Explorer] Fetching content index... @ http://localhost:8080/postscript.js:0
[   27633ms] [LOG] [Explorer] Fetched data keys: [index, linux, tags/linux, tags/命令, tags/index] @ http://localhost:8080/postscript.js:0
[   27633ms] [LOG] [Explorer] Entry count: 5 @ http://localhost:8080/postscript.js:0
[   27633ms] [LOG] [Explorer] Trie root children: 2 @ http://localhost:8080/postscript.js:0
[   27640ms] [LOG] [Explorer] Render generation is current, rendering tree @ http://localhost:8080/postscript.js:0
[   27640ms] [LOG] [Explorer] Trie result: success @ http://localhost:8080/postscript.js:0
[   27641ms] [LOG] [Explorer] Rendering 1 children @ http://localhost:8080/postscript.js:0
[   27641ms] [LOG] [Explorer] Render complete, final list length: 2 @ http://localhost:8080/postscript.js:0
[   28145ms] [LOG] [Explorer] Nav event received, generation: 1 @ http://localhost:8080/postscript.js:0
[   28145ms] [LOG] [Explorer] Found 1 explorers @ http://localhost:8080/postscript.js:0
[   28145ms] [LOG] [Explorer] Starting tree build... @ http://localhost:8080/postscript.js:0
[   28145ms] [LOG] [Explorer] Fetching content index... @ http://localhost:8080/postscript.js:0
[   28171ms] [LOG] [Explorer] Fetched data keys: [index, linux, tags/linux, tags/命令, tags/index] @ http://localhost:8080/postscript.js:0
[   28172ms] [LOG] [Explorer] Entry count: 5 @ http://localhost:8080/postscript.js:0
[   28172ms] [LOG] [Explorer] Trie root children: 2 @ http://localhost:8080/postscript.js:0
[   28180ms] [LOG] [Explorer] Render generation is current, rendering tree @ http://localhost:8080/postscript.js:0
[   28180ms] [LOG] [Explorer] Trie result: success @ http://localhost:8080/postscript.js:0
[   28180ms] [LOG] [Explorer] Rendering 1 children @ http://localhost:8080/postscript.js:0
[   28180ms] [LOG] [Explorer] Render complete, final list length: 2 @ http://localhost:8080/postscript.js:0
[   28674ms] [LOG] [Explorer] Nav event received, generation: 1 @ http://localhost:8080/postscript.js:0
[   28675ms] [LOG] [Explorer] Found 1 explorers @ http://localhost:8080/postscript.js:0
[   28675ms] [LOG] [Explorer] Starting tree build... @ http://localhost:8080/postscript.js:0
[   28675ms] [LOG] [Explorer] Fetching content index... @ http://localhost:8080/postscript.js:0
[   28699ms] [LOG] [Explorer] Fetched data keys: [index, linux, tags/linux, tags/命令, tags/index] @ http://localhost:8080/postscript.js:0
[   28699ms] [LOG] [Explorer] Entry count: 5 @ http://localhost:8080/postscript.js:0
[   28699ms] [LOG] [Explorer] Trie root children: 2 @ http://localhost:8080/postscript.js:0
[   28706ms] [LOG] [Explorer] Render generation is current, rendering tree @ http://localhost:8080/postscript.js:0
[   28707ms] [LOG] [Explorer] Trie result: success @ http://localhost:8080/postscript.js:0
[   28707ms] [LOG] [Explorer] Rendering 1 children @ http://localhost:8080/postscript.js:0
[   28707ms] [LOG] [Explorer] Render complete, final list length: 2 @ http://localhost:8080/postscript.js:0
[   29216ms] [LOG] [Explorer] Nav event received, generation: 1 @ http://localhost:8080/postscript.js:0
[   29216ms] [LOG] [Explorer] Found 1 explorers @ http://localhost:8080/postscript.js:0
[   29216ms] [LOG] [Explorer] Starting tree build... @ http://localhost:8080/postscript.js:0
[   29216ms] [LOG] [Explorer] Fetching content index... @ http://localhost:8080/postscript.js:0
[   29246ms] [LOG] [Explorer] Fetched data keys: [index, linux, tags/linux, tags/命令, tags/index] @ http://localhost:8080/postscript.js:0
[   29246ms] [LOG] [Explorer] Entry count: 5 @ http://localhost:8080/postscript.js:0
[   29246ms] [LOG] [Explorer] Trie root children: 2 @ http://localhost:8080/postscript.js:0
[   29254ms] [LOG] [Explorer] Render generation is current, rendering tree @ http://localhost:8080/postscript.js:0
[   29254ms] [LOG] [Explorer] Trie result: success @ http://localhost:8080/postscript.js:0
[   29254ms] [LOG] [Explorer] Rendering 1 children @ http://localhost:8080/postscript.js:0
[   29254ms] [LOG] [Explorer] Render complete, final list length: 2 @ http://localhost:8080/postscript.js:0
[   29744ms] [LOG] [Explorer] Nav event received, generation: 1 @ http://localhost:8080/postscript.js:0
[   29744ms] [LOG] [Explorer] Found 1 explorers @ http://localhost:8080/postscript.js:0
[   29744ms] [LOG] [Explorer] Starting tree build... @ http://localhost:8080/postscript.js:0
[   29744ms] [LOG] [Explorer] Fetching content index... @ http://localhost:8080/postscript.js:0
[   29770ms] [LOG] [Explorer] Fetched data keys: [index, linux, tags/linux, tags/命令, tags/index] @ http://localhost:8080/postscript.js:0
[   29770ms] [LOG] [Explorer] Entry count: 5 @ http://localhost:8080/postscript.js:0
[   29770ms] [LOG] [Explorer] Trie root children: 2 @ http://localhost:8080/postscript.js:0
[   29777ms] [LOG] [Explorer] Render generation is current, rendering tree @ http://localhost:8080/postscript.js:0
[   29778ms] [LOG] [Explorer] Trie result: success @ http://localhost:8080/postscript.js:0
[   29778ms] [LOG] [Explorer] Rendering 1 children @ http://localhost:8080/postscript.js:0
[   29778ms] [LOG] [Explorer] Render complete, final list length: 2 @ http://localhost:8080/postscript.js:0
[   30275ms] [LOG] [Explorer] Nav event received, generation: 1 @ http://localhost:8080/postscript.js:0
[   30276ms] [LOG] [Explorer] Found 1 explorers @ http://localhost:8080/postscript.js:0
[   30276ms] [LOG] [Explorer] Starting tree build... @ http://localhost:8080/postscript.js:0
[   30276ms] [LOG] [Explorer] Fetching content index... @ http://localhost:8080/postscript.js:0
[   30292ms] [LOG] [Explorer] Fetched data keys: [index, linux, tags/linux, tags/命令, tags/index] @ http://localhost:8080/postscript.js:0
[   30292ms] [LOG] [Explorer] Entry count: 5 @ http://localhost:8080/postscript.js:0
[   30292ms] [LOG] [Explorer] Trie root children: 2 @ http://localhost:8080/postscript.js:0
[   30299ms] [LOG] [Explorer] Render generation is current, rendering tree @ http://localhost:8080/postscript.js:0
[   30299ms] [LOG] [Explorer] Trie result: success @ http://localhost:8080/postscript.js:0
[   30299ms] [LOG] [Explorer] Rendering 1 children @ http://localhost:8080/postscript.js:0
[   30299ms] [LOG] [Explorer] Render complete, final list length: 2 @ http://localhost:8080/postscript.js:0
[   30836ms] [LOG] [Explorer] Nav event received, generation: 1 @ http://localhost:8080/postscript.js:0
[   30836ms] [LOG] [Explorer] Found 1 explorers @ http://localhost:8080/postscript.js:0
[   30836ms] [LOG] [Explorer] Starting tree build... @ http://localhost:8080/postscript.js:0
[   30836ms] [LOG] [Explorer] Fetching content index... @ http://localhost:8080/postscript.js:0
[   30868ms] [LOG] [Explorer] Fetched data keys: [index, linux, tags/linux, tags/命令, tags/index] @ http://localhost:8080/postscript.js:0
[   30868ms] [LOG] [Explorer] Entry count: 5 @ http://localhost:8080/postscript.js:0
[   30868ms] [LOG] [Explorer] Trie root children: 2 @ http://localhost:8080/postscript.js:0
[   30875ms] [LOG] [Explorer] Render generation is current, rendering tree @ http://localhost:8080/postscript.js:0
[   30875ms] [LOG] [Explorer] Trie result: success @ http://localhost:8080/postscript.js:0
[   30875ms] [LOG] [Explorer] Rendering 1 children @ http://localhost:8080/postscript.js:0
[   30875ms] [LOG] [Explorer] Render complete, final list length: 2 @ http://localhost:8080/postscript.js:0
[   31366ms] [LOG] [Explorer] Nav event received, generation: 1 @ http://localhost:8080/postscript.js:0
[   31366ms] [LOG] [Explorer] Found 1 explorers @ http://localhost:8080/postscript.js:0
[   31366ms] [LOG] [Explorer] Starting tree build... @ http://localhost:8080/postscript.js:0
[   31366ms] [LOG] [Explorer] Fetching content index... @ http://localhost:8080/postscript.js:0
[   31391ms] [LOG] [Explorer] Fetched data keys: [index, linux, tags/linux, tags/命令, tags/index] @ http://localhost:8080/postscript.js:0
[   31391ms] [LOG] [Explorer] Entry count: 5 @ http://localhost:8080/postscript.js:0
[   31391ms] [LOG] [Explorer] Trie root children: 2 @ http://localhost:8080/postscript.js:0
[   31399ms] [LOG] [Explorer] Render generation is current, rendering tree @ http://localhost:8080/postscript.js:0
[   31399ms] [LOG] [Explorer] Trie result: success @ http://localhost:8080/postscript.js:0
[   31399ms] [LOG] [Explorer] Rendering 1 children @ http://localhost:8080/postscript.js:0
[   31399ms] [LOG] [Explorer] Render complete, final list length: 2 @ http://localhost:8080/postscript.js:0
[   31912ms] [LOG] [Explorer] Nav event received, generation: 1 @ http://localhost:8080/postscript.js:0
[   31912ms] [LOG] [Explorer] Found 1 explorers @ http://localhost:8080/postscript.js:0
[   31912ms] [LOG] [Explorer] Starting tree build... @ http://localhost:8080/postscript.js:0
[   31912ms] [LOG] [Explorer] Fetching content index... @ http://localhost:8080/postscript.js:0
[   31940ms] [LOG] [Explorer] Fetched data keys: [index, linux, tags/linux, tags/命令, tags/index] @ http://localhost:8080/postscript.js:0
[   31940ms] [LOG] [Explorer] Entry count: 5 @ http://localhost:8080/postscript.js:0
[   31940ms] [LOG] [Explorer] Trie root children: 2 @ http://localhost:8080/postscript.js:0
[   31946ms] [LOG] [Explorer] Render generation is current, rendering tree @ http://localhost:8080/postscript.js:0
[   31947ms] [LOG] [Explorer] Trie result: success @ http://localhost:8080/postscript.js:0
[   31947ms] [LOG] [Explorer] Rendering 1 children @ http://localhost:8080/postscript.js:0
[   31947ms] [LOG] [Explorer] Render complete, final list length: 2 @ http://localhost:8080/postscript.js:0
[   32451ms] [LOG] [Explorer] Nav event received, generation: 1 @ http://localhost:8080/postscript.js:0
[   32451ms] [LOG] [Explorer] Found 1 explorers @ http://localhost:8080/postscript.js:0
[   32451ms] [LOG] [Explorer] Starting tree build... @ http://localhost:8080/postscript.js:0
[   32451ms] [LOG] [Explorer] Fetching content index... @ http://localhost:8080/postscript.js:0
[   32477ms] [LOG] [Explorer] Fetched data keys: [index, linux, tags/linux, tags/命令, tags/index] @ http://localhost:8080/postscript.js:0
[   32477ms] [LOG] [Explorer] Entry count: 5 @ http://localhost:8080/postscript.js:0
[   32477ms] [LOG] [Explorer] Trie root children: 2 @ http://localhost:8080/postscript.js:0
[   32485ms] [LOG] [Explorer] Render generation is current, rendering tree @ http://localhost:8080/postscript.js:0
[   32485ms] [LOG] [Explorer] Trie result: success @ http://localhost:8080/postscript.js:0
[   32485ms] [LOG] [Explorer] Rendering 1 children @ http://localhost:8080/postscript.js:0
[   32485ms] [LOG] [Explorer] Render complete, final list length: 2 @ http://localhost:8080/postscript.js:0
[   32984ms] [LOG] [Explorer] Nav event received, generation: 1 @ http://localhost:8080/postscript.js:0
[   32985ms] [LOG] [Explorer] Found 1 explorers @ http://localhost:8080/postscript.js:0
[   32985ms] [LOG] [Explorer] Starting tree build... @ http://localhost:8080/postscript.js:0
[   32985ms] [LOG] [Explorer] Fetching content index... @ http://localhost:8080/postscript.js:0
[   33010ms] [LOG] [Explorer] Fetched data keys: [index, linux, tags/linux, tags/命令, tags/index] @ http://localhost:8080/postscript.js:0
[   33010ms] [LOG] [Explorer] Entry count: 5 @ http://localhost:8080/postscript.js:0
[   33010ms] [LOG] [Explorer] Trie root children: 2 @ http://localhost:8080/postscript.js:0
[   33017ms] [LOG] [Explorer] Render generation is current, rendering tree @ http://localhost:8080/postscript.js:0
[   33017ms] [LOG] [Explorer] Trie result: success @ http://localhost:8080/postscript.js:0
[   33017ms] [LOG] [Explorer] Rendering 1 children @ http://localhost:8080/postscript.js:0
[   33017ms] [LOG] [Explorer] Render complete, final list length: 2 @ http://localhost:8080/postscript.js:0
[   33551ms] [LOG] [Explorer] Nav event received, generation: 1 @ http://localhost:8080/postscript.js:0
[   33551ms] [LOG] [Explorer] Found 1 explorers @ http://localhost:8080/postscript.js:0
[   33551ms] [LOG] [Explorer] Starting tree build... @ http://localhost:8080/postscript.js:0
[   33551ms] [LOG] [Explorer] Fetching content index... @ http://localhost:8080/postscript.js:0
[   33576ms] [LOG] [Explorer] Fetched data keys: [index, linux, tags/linux, tags/命令, tags/index] @ http://localhost:8080/postscript.js:0
[   33576ms] [LOG] [Explorer] Entry count: 5 @ http://localhost:8080/postscript.js:0
[   33576ms] [LOG] [Explorer] Trie root children: 2 @ http://localhost:8080/postscript.js:0
[   33583ms] [LOG] [Explorer] Render generation is current, rendering tree @ http://localhost:8080/postscript.js:0
[   33583ms] [LOG] [Explorer] Trie result: success @ http://localhost:8080/postscript.js:0
[   33583ms] [LOG] [Explorer] Rendering 1 children @ http://localhost:8080/postscript.js:0
[   33584ms] [LOG] [Explorer] Render complete, final list length: 2 @ http://localhost:8080/postscript.js:0
[   34121ms] [LOG] [Explorer] Nav event received, generation: 1 @ http://localhost:8080/postscript.js:0
[   34121ms] [LOG] [Explorer] Found 1 explorers @ http://localhost:8080/postscript.js:0
[   34121ms] [LOG] [Explorer] Starting tree build... @ http://localhost:8080/postscript.js:0
[   34121ms] [LOG] [Explorer] Fetching content index... @ http://localhost:8080/postscript.js:0
[   34148ms] [LOG] [Explorer] Fetched data keys: [index, linux, tags/linux, tags/命令, tags/index] @ http://localhost:8080/postscript.js:0
[   34148ms] [LOG] [Explorer] Entry count: 5 @ http://localhost:8080/postscript.js:0
[   34148ms] [LOG] [Explorer] Trie root children: 2 @ http://localhost:8080/postscript.js:0
[   34156ms] [LOG] [Explorer] Render generation is current, rendering tree @ http://localhost:8080/postscript.js:0
[   34156ms] [LOG] [Explorer] Trie result: success @ http://localhost:8080/postscript.js:0
[   34156ms] [LOG] [Explorer] Rendering 1 children @ http://localhost:8080/postscript.js:0
[   34156ms] [LOG] [Explorer] Render complete, final list length: 2 @ http://localhost:8080/postscript.js:0
[   34656ms] [LOG] [Explorer] Nav event received, generation: 1 @ http://localhost:8080/postscript.js:0
[   34656ms] [LOG] [Explorer] Found 1 explorers @ http://localhost:8080/postscript.js:0
[   34656ms] [LOG] [Explorer] Starting tree build... @ http://localhost:8080/postscript.js:0
[   34656ms] [LOG] [Explorer] Fetching content index... @ http://localhost:8080/postscript.js:0
[   34684ms] [LOG] [Explorer] Fetched data keys: [index, linux, tags/linux, tags/命令, tags/index] @ http://localhost:8080/postscript.js:0
[   34684ms] [LOG] [Explorer] Entry count: 5 @ http://localhost:8080/postscript.js:0
[   34684ms] [LOG] [Explorer] Trie root children: 2 @ http://localhost:8080/postscript.js:0
[   34692ms] [LOG] [Explorer] Render generation is current, rendering tree @ http://localhost:8080/postscript.js:0
[   34692ms] [LOG] [Explorer] Trie result: success @ http://localhost:8080/postscript.js:0
[   34692ms] [LOG] [Explorer] Rendering 1 children @ http://localhost:8080/postscript.js:0
[   34692ms] [LOG] [Explorer] Render complete, final list length: 2 @ http://localhost:8080/postscript.js:0
[   35191ms] [LOG] [Explorer] Nav event received, generation: 1 @ http://localhost:8080/postscript.js:0
[   35191ms] [LOG] [Explorer] Found 1 explorers @ http://localhost:8080/postscript.js:0
[   35191ms] [LOG] [Explorer] Starting tree build... @ http://localhost:8080/postscript.js:0
[   35191ms] [LOG] [Explorer] Fetching content index... @ http://localhost:8080/postscript.js:0
[   35227ms] [LOG] [Explorer] Fetched data keys: [index, linux, tags/linux, tags/命令, tags/index] @ http://localhost:8080/postscript.js:0
[   35227ms] [LOG] [Explorer] Entry count: 5 @ http://localhost:8080/postscript.js:0
[   35227ms] [LOG] [Explorer] Trie root children: 2 @ http://localhost:8080/postscript.js:0
[   35234ms] [LOG] [Explorer] Render generation is current, rendering tree @ http://localhost:8080/postscript.js:0
[   35234ms] [LOG] [Explorer] Trie result: success @ http://localhost:8080/postscript.js:0
[   35234ms] [LOG] [Explorer] Rendering 1 children @ http://localhost:8080/postscript.js:0
[   35234ms] [LOG] [Explorer] Render complete, final list length: 2 @ http://localhost:8080/postscript.js:0
[   35732ms] [LOG] [Explorer] Nav event received, generation: 1 @ http://localhost:8080/postscript.js:0
[   35732ms] [LOG] [Explorer] Found 1 explorers @ http://localhost:8080/postscript.js:0
[   35732ms] [LOG] [Explorer] Starting tree build... @ http://localhost:8080/postscript.js:0
[   35732ms] [LOG] [Explorer] Fetching content index... @ http://localhost:8080/postscript.js:0
[   35756ms] [LOG] [Explorer] Fetched data keys: [index, linux, tags/linux, tags/命令, tags/index] @ http://localhost:8080/postscript.js:0
[   35756ms] [LOG] [Explorer] Entry count: 5 @ http://localhost:8080/postscript.js:0
[   35756ms] [LOG] [Explorer] Trie root children: 2 @ http://localhost:8080/postscript.js:0
[   35763ms] [LOG] [Explorer] Render generation is current, rendering tree @ http://localhost:8080/postscript.js:0
[   35763ms] [LOG] [Explorer] Trie result: success @ http://localhost:8080/postscript.js:0
[   35763ms] [LOG] [Explorer] Rendering 1 children @ http://localhost:8080/postscript.js:0
[   35764ms] [LOG] [Explorer] Render complete, final list length: 2 @ http://localhost:8080/postscript.js:0
[   36283ms] [LOG] [Explorer] Nav event received, generation: 1 @ http://localhost:8080/postscript.js:0
[   36283ms] [LOG] [Explorer] Found 1 explorers @ http://localhost:8080/postscript.js:0
[   36283ms] [LOG] [Explorer] Starting tree build... @ http://localhost:8080/postscript.js:0
[   36283ms] [LOG] [Explorer] Fetching content index... @ http://localhost:8080/postscript.js:0
[   36285ms] [LOG] [Explorer] Fetched data keys: [index, linux, tags/linux, tags/命令, tags/index] @ http://localhost:8080/postscript.js:0
[   36285ms] [LOG] [Explorer] Entry count: 5 @ http://localhost:8080/postscript.js:0
[   36285ms] [LOG] [Explorer] Trie root children: 2 @ http://localhost:8080/postscript.js:0
[   36288ms] [LOG] [Explorer] Render generation is current, rendering tree @ http://localhost:8080/postscript.js:0
[   36288ms] [LOG] [Explorer] Trie result: success @ http://localhost:8080/postscript.js:0
[   36288ms] [LOG] [Explorer] Rendering 1 children @ http://localhost:8080/postscript.js:0
[   36288ms] [LOG] [Explorer] Render complete, final list length: 2 @ http://localhost:8080/postscript.js:0
[   36832ms] [LOG] [Explorer] Nav event received, generation: 1 @ http://localhost:8080/postscript.js:0
[   36832ms] [LOG] [Explorer] Found 1 explorers @ http://localhost:8080/postscript.js:0
[   36832ms] [LOG] [Explorer] Starting tree build... @ http://localhost:8080/postscript.js:0
[   36832ms] [LOG] [Explorer] Fetching content index... @ http://localhost:8080/postscript.js:0
[   36859ms] [LOG] [Explorer] Fetched data keys: [index, linux, tags/linux, tags/命令, tags/index] @ http://localhost:8080/postscript.js:0
[   36859ms] [LOG] [Explorer] Entry count: 5 @ http://localhost:8080/postscript.js:0
[   36859ms] [LOG] [Explorer] Trie root children: 2 @ http://localhost:8080/postscript.js:0
[   36867ms] [LOG] [Explorer] Render generation is current, rendering tree @ http://localhost:8080/postscript.js:0
[   36867ms] [LOG] [Explorer] Trie result: success @ http://localhost:8080/postscript.js:0
[   36867ms] [LOG] [Explorer] Rendering 1 children @ http://localhost:8080/postscript.js:0
[   36868ms] [LOG] [Explorer] Render complete, final list length: 2 @ http://localhost:8080/postscript.js:0
[   37370ms] [LOG] [Explorer] Nav event received, generation: 1 @ http://localhost:8080/postscript.js:0
[   37371ms] [LOG] [Explorer] Found 1 explorers @ http://localhost:8080/postscript.js:0
[   37371ms] [LOG] [Explorer] Starting tree build... @ http://localhost:8080/postscript.js:0
[   37371ms] [LOG] [Explorer] Fetching content index... @ http://localhost:8080/postscript.js:0
[   37385ms] [LOG] [Explorer] Fetched data keys: [index, linux, tags/linux, tags/命令, tags/index] @ http://localhost:8080/postscript.js:0
[   37385ms] [LOG] [Explorer] Entry count: 5 @ http://localhost:8080/postscript.js:0
[   37385ms] [LOG] [Explorer] Trie root children: 2 @ http://localhost:8080/postscript.js:0
[   37393ms] [LOG] [Explorer] Render generation is current, rendering tree @ http://localhost:8080/postscript.js:0
[   37393ms] [LOG] [Explorer] Trie result: success @ http://localhost:8080/postscript.js:0
[   37393ms] [LOG] [Explorer] Rendering 1 children @ http://localhost:8080/postscript.js:0
[   37393ms] [LOG] [Explorer] Render complete, final list length: 2 @ http://localhost:8080/postscript.js:0
[   37911ms] [LOG] [Explorer] Nav event received, generation: 1 @ http://localhost:8080/postscript.js:0
[   37911ms] [LOG] [Explorer] Found 1 explorers @ http://localhost:8080/postscript.js:0
[   37911ms] [LOG] [Explorer] Starting tree build... @ http://localhost:8080/postscript.js:0
[   37911ms] [LOG] [Explorer] Fetching content index... @ http://localhost:8080/postscript.js:0
[   37936ms] [LOG] [Explorer] Fetched data keys: [index, linux, tags/linux, tags/命令, tags/index] @ http://localhost:8080/postscript.js:0
[   37936ms] [LOG] [Explorer] Entry count: 5 @ http://localhost:8080/postscript.js:0
[   37936ms] [LOG] [Explorer] Trie root children: 2 @ http://localhost:8080/postscript.js:0
[   37943ms] [LOG] [Explorer] Render generation is current, rendering tree @ http://localhost:8080/postscript.js:0
[   37943ms] [LOG] [Explorer] Trie result: success @ http://localhost:8080/postscript.js:0
[   37943ms] [LOG] [Explorer] Rendering 1 children @ http://localhost:8080/postscript.js:0
[   37943ms] [LOG] [Explorer] Render complete, final list length: 2 @ http://localhost:8080/postscript.js:0
[   38451ms] [LOG] [Explorer] Nav event received, generation: 1 @ http://localhost:8080/postscript.js:0
[   38451ms] [LOG] [Explorer] Found 1 explorers @ http://localhost:8080/postscript.js:0
[   38451ms] [LOG] [Explorer] Starting tree build... @ http://localhost:8080/postscript.js:0
[   38451ms] [LOG] [Explorer] Fetching content index... @ http://localhost:8080/postscript.js:0
[   38477ms] [LOG] [Explorer] Fetched data keys: [index, linux, tags/linux, tags/命令, tags/index] @ http://localhost:8080/postscript.js:0
[   38477ms] [LOG] [Explorer] Entry count: 5 @ http://localhost:8080/postscript.js:0
[   38477ms] [LOG] [Explorer] Trie root children: 2 @ http://localhost:8080/postscript.js:0
[   38484ms] [LOG] [Explorer] Render generation is current, rendering tree @ http://localhost:8080/postscript.js:0
[   38484ms] [LOG] [Explorer] Trie result: success @ http://localhost:8080/postscript.js:0
[   38484ms] [LOG] [Explorer] Rendering 1 children @ http://localhost:8080/postscript.js:0
[   38484ms] [LOG] [Explorer] Render complete, final list length: 2 @ http://localhost:8080/postscript.js:0
[   38983ms] [LOG] [Explorer] Nav event received, generation: 1 @ http://localhost:8080/postscript.js:0
[   38983ms] [LOG] [Explorer] Found 1 explorers @ http://localhost:8080/postscript.js:0
[   38983ms] [LOG] [Explorer] Starting tree build... @ http://localhost:8080/postscript.js:0
[   38983ms] [LOG] [Explorer] Fetching content index... @ http://localhost:8080/postscript.js:0
[   39007ms] [LOG] [Explorer] Fetched data keys: [index, linux, tags/linux, tags/命令, tags/index] @ http://localhost:8080/postscript.js:0
[   39007ms] [LOG] [Explorer] Entry count: 5 @ http://localhost:8080/postscript.js:0
[   39007ms] [LOG] [Explorer] Trie root children: 2 @ http://localhost:8080/postscript.js:0
[   39014ms] [LOG] [Explorer] Render generation is current, rendering tree @ http://localhost:8080/postscript.js:0
[   39014ms] [LOG] [Explorer] Trie result: success @ http://localhost:8080/postscript.js:0
[   39014ms] [LOG] [Explorer] Rendering 1 children @ http://localhost:8080/postscript.js:0
[   39014ms] [LOG] [Explorer] Render complete, final list length: 2 @ http://localhost:8080/postscript.js:0
[   39536ms] [LOG] [Explorer] Nav event received, generation: 1 @ http://localhost:8080/postscript.js:0
[   39536ms] [LOG] [Explorer] Found 1 explorers @ http://localhost:8080/postscript.js:0
[   39537ms] [LOG] [Explorer] Starting tree build... @ http://localhost:8080/postscript.js:0
[   39537ms] [LOG] [Explorer] Fetching content index... @ http://localhost:8080/postscript.js:0
[   39565ms] [LOG] [Explorer] Fetched data keys: [index, linux, tags/linux, tags/命令, tags/index] @ http://localhost:8080/postscript.js:0
[   39565ms] [LOG] [Explorer] Entry count: 5 @ http://localhost:8080/postscript.js:0
[   39565ms] [LOG] [Explorer] Trie root children: 2 @ http://localhost:8080/postscript.js:0
[   39573ms] [LOG] [Explorer] Render generation is current, rendering tree @ http://localhost:8080/postscript.js:0
[   39573ms] [LOG] [Explorer] Trie result: success @ http://localhost:8080/postscript.js:0
[   39573ms] [LOG] [Explorer] Rendering 1 children @ http://localhost:8080/postscript.js:0
[   39573ms] [LOG] [Explorer] Render complete, final list length: 2 @ http://localhost:8080/postscript.js:0
[   40072ms] [LOG] [Explorer] Nav event received, generation: 1 @ http://localhost:8080/postscript.js:0
[   40072ms] [LOG] [Explorer] Found 1 explorers @ http://localhost:8080/postscript.js:0
[   40072ms] [LOG] [Explorer] Starting tree build... @ http://localhost:8080/postscript.js:0
[   40072ms] [LOG] [Explorer] Fetching content index... @ http://localhost:8080/postscript.js:0
[   40103ms] [LOG] [Explorer] Fetched data keys: [index, linux, tags/linux, tags/命令, tags/index] @ http://localhost:8080/postscript.js:0
[   40103ms] [LOG] [Explorer] Entry count: 5 @ http://localhost:8080/postscript.js:0
[   40103ms] [LOG] [Explorer] Trie root children: 2 @ http://localhost:8080/postscript.js:0
[   40110ms] [LOG] [Explorer] Render generation is current, rendering tree @ http://localhost:8080/postscript.js:0
[   40110ms] [LOG] [Explorer] Trie result: success @ http://localhost:8080/postscript.js:0
[   40110ms] [LOG] [Explorer] Rendering 1 children @ http://localhost:8080/postscript.js:0
[   40110ms] [LOG] [Explorer] Render complete, final list length: 2 @ http://localhost:8080/postscript.js:0
[   40598ms] [LOG] [Explorer] Nav event received, generation: 1 @ http://localhost:8080/postscript.js:0
[   40598ms] [LOG] [Explorer] Found 1 explorers @ http://localhost:8080/postscript.js:0
[   40598ms] [LOG] [Explorer] Starting tree build... @ http://localhost:8080/postscript.js:0
[   40598ms] [LOG] [Explorer] Fetching content index... @ http://localhost:8080/postscript.js:0
[   40621ms] [LOG] [Explorer] Fetched data keys: [index, linux, tags/linux, tags/命令, tags/index] @ http://localhost:8080/postscript.js:0
[   40621ms] [LOG] [Explorer] Entry count: 5 @ http://localhost:8080/postscript.js:0
[   40621ms] [LOG] [Explorer] Trie root children: 2 @ http://localhost:8080/postscript.js:0
[   40629ms] [LOG] [Explorer] Render generation is current, rendering tree @ http://localhost:8080/postscript.js:0
[   40629ms] [LOG] [Explorer] Trie result: success @ http://localhost:8080/postscript.js:0
[   40629ms] [LOG] [Explorer] Rendering 1 children @ http://localhost:8080/postscript.js:0
[   40629ms] [LOG] [Explorer] Render complete, final list length: 2 @ http://localhost:8080/postscript.js:0
[   41135ms] [LOG] [Explorer] Nav event received, generation: 1 @ http://localhost:8080/postscript.js:0
[   41135ms] [LOG] [Explorer] Found 1 explorers @ http://localhost:8080/postscript.js:0
[   41135ms] [LOG] [Explorer] Starting tree build... @ http://localhost:8080/postscript.js:0
[   41135ms] [LOG] [Explorer] Fetching content index... @ http://localhost:8080/postscript.js:0
[   41158ms] [LOG] [Explorer] Fetched data keys: [index, linux, tags/linux, tags/命令, tags/index] @ http://localhost:8080/postscript.js:0
[   41158ms] [LOG] [Explorer] Entry count: 5 @ http://localhost:8080/postscript.js:0
[   41158ms] [LOG] [Explorer] Trie root children: 2 @ http://localhost:8080/postscript.js:0
[   41167ms] [LOG] [Explorer] Render generation is current, rendering tree @ http://localhost:8080/postscript.js:0
[   41167ms] [LOG] [Explorer] Trie result: success @ http://localhost:8080/postscript.js:0
[   41168ms] [LOG] [Explorer] Rendering 1 children @ http://localhost:8080/postscript.js:0
[   41168ms] [LOG] [Explorer] Render complete, final list length: 2 @ http://localhost:8080/postscript.js:0
[   41671ms] [LOG] [Explorer] Nav event received, generation: 1 @ http://localhost:8080/postscript.js:0
[   41671ms] [LOG] [Explorer] Found 1 explorers @ http://localhost:8080/postscript.js:0
[   41671ms] [LOG] [Explorer] Starting tree build... @ http://localhost:8080/postscript.js:0
[   41671ms] [LOG] [Explorer] Fetching content index... @ http://localhost:8080/postscript.js:0
[   41701ms] [LOG] [Explorer] Fetched data keys: [index, linux, tags/linux, tags/命令, tags/index] @ http://localhost:8080/postscript.js:0
[   41701ms] [LOG] [Explorer] Entry count: 5 @ http://localhost:8080/postscript.js:0
[   41701ms] [LOG] [Explorer] Trie root children: 2 @ http://localhost:8080/postscript.js:0
[   41708ms] [LOG] [Explorer] Render generation is current, rendering tree @ http://localhost:8080/postscript.js:0
[   41708ms] [LOG] [Explorer] Trie result: success @ http://localhost:8080/postscript.js:0
[   41708ms] [LOG] [Explorer] Rendering 1 children @ http://localhost:8080/postscript.js:0
[   41709ms] [LOG] [Explorer] Render complete, final list length: 2 @ http://localhost:8080/postscript.js:0
[   42203ms] [LOG] [Explorer] Nav event received, generation: 1 @ http://localhost:8080/postscript.js:0
[   42204ms] [LOG] [Explorer] Found 1 explorers @ http://localhost:8080/postscript.js:0
[   42204ms] [LOG] [Explorer] Starting tree build... @ http://localhost:8080/postscript.js:0
[   42204ms] [LOG] [Explorer] Fetching content index... @ http://localhost:8080/postscript.js:0
[   42229ms] [LOG] [Explorer] Fetched data keys: [index, linux, tags/linux, tags/命令, tags/index] @ http://localhost:8080/postscript.js:0
[   42229ms] [LOG] [Explorer] Entry count: 5 @ http://localhost:8080/postscript.js:0
[   42229ms] [LOG] [Explorer] Trie root children: 2 @ http://localhost:8080/postscript.js:0
[   42236ms] [LOG] [Explorer] Render generation is current, rendering tree @ http://localhost:8080/postscript.js:0
[   42236ms] [LOG] [Explorer] Trie result: success @ http://localhost:8080/postscript.js:0
[   42236ms] [LOG] [Explorer] Rendering 1 children @ http://localhost:8080/postscript.js:0
[   42236ms] [LOG] [Explorer] Render complete, final list length: 2 @ http://localhost:8080/postscript.js:0
[   42720ms] [LOG] [Explorer] Nav event received, generation: 1 @ http://localhost:8080/postscript.js:0
[   42720ms] [LOG] [Explorer] Found 1 explorers @ http://localhost:8080/postscript.js:0
[   42720ms] [LOG] [Explorer] Starting tree build... @ http://localhost:8080/postscript.js:0
[   42720ms] [LOG] [Explorer] Fetching content index... @ http://localhost:8080/postscript.js:0
[   42750ms] [LOG] [Explorer] Fetched data keys: [index, linux, tags/linux, tags/命令, tags/index] @ http://localhost:8080/postscript.js:0
[   42750ms] [LOG] [Explorer] Entry count: 5 @ http://localhost:8080/postscript.js:0
[   42750ms] [LOG] [Explorer] Trie root children: 2 @ http://localhost:8080/postscript.js:0
[   42758ms] [LOG] [Explorer] Render generation is current, rendering tree @ http://localhost:8080/postscript.js:0
[   42758ms] [LOG] [Explorer] Trie result: success @ http://localhost:8080/postscript.js:0
[   42758ms] [LOG] [Explorer] Rendering 1 children @ http://localhost:8080/postscript.js:0
[   42759ms] [LOG] [Explorer] Render complete, final list length: 2 @ http://localhost:8080/postscript.js:0
[   43263ms] [LOG] [Explorer] Nav event received, generation: 1 @ http://localhost:8080/postscript.js:0
[   43264ms] [LOG] [Explorer] Found 1 explorers @ http://localhost:8080/postscript.js:0
[   43264ms] [LOG] [Explorer] Starting tree build... @ http://localhost:8080/postscript.js:0
[   43264ms] [LOG] [Explorer] Fetching content index... @ http://localhost:8080/postscript.js:0
[   43288ms] [LOG] [Explorer] Fetched data keys: [index, linux, tags/linux, tags/命令, tags/index] @ http://localhost:8080/postscript.js:0
[   43289ms] [LOG] [Explorer] Entry count: 5 @ http://localhost:8080/postscript.js:0
[   43289ms] [LOG] [Explorer] Trie root children: 2 @ http://localhost:8080/postscript.js:0
[   43296ms] [LOG] [Explorer] Render generation is current, rendering tree @ http://localhost:8080/postscript.js:0
[   43296ms] [LOG] [Explorer] Trie result: success @ http://localhost:8080/postscript.js:0
[   43296ms] [LOG] [Explorer] Rendering 1 children @ http://localhost:8080/postscript.js:0
[   43296ms] [LOG] [Explorer] Render complete, final list length: 2 @ http://localhost:8080/postscript.js:0
[   43809ms] [LOG] [Explorer] Nav event received, generation: 1 @ http://localhost:8080/postscript.js:0
[   43809ms] [LOG] [Explorer] Found 1 explorers @ http://localhost:8080/postscript.js:0
[   43809ms] [LOG] [Explorer] Starting tree build... @ http://localhost:8080/postscript.js:0
[   43809ms] [LOG] [Explorer] Fetching content index... @ http://localhost:8080/postscript.js:0
[   43834ms] [LOG] [Explorer] Fetched data keys: [index, linux, tags/linux, tags/命令, tags/index] @ http://localhost:8080/postscript.js:0
[   43834ms] [LOG] [Explorer] Entry count: 5 @ http://localhost:8080/postscript.js:0
[   43834ms] [LOG] [Explorer] Trie root children: 2 @ http://localhost:8080/postscript.js:0
[   43841ms] [LOG] [Explorer] Render generation is current, rendering tree @ http://localhost:8080/postscript.js:0
[   43841ms] [LOG] [Explorer] Trie result: success @ http://localhost:8080/postscript.js:0
[   43841ms] [LOG] [Explorer] Rendering 1 children @ http://localhost:8080/postscript.js:0
[   43841ms] [LOG] [Explorer] Render complete, final list length: 2 @ http://localhost:8080/postscript.js:0
[   44338ms] [LOG] [Explorer] Nav event received, generation: 1 @ http://localhost:8080/postscript.js:0
[   44338ms] [LOG] [Explorer] Found 1 explorers @ http://localhost:8080/postscript.js:0
[   44338ms] [LOG] [Explorer] Starting tree build... @ http://localhost:8080/postscript.js:0
[   44338ms] [LOG] [Explorer] Fetching content index... @ http://localhost:8080/postscript.js:0
[   44367ms] [LOG] [Explorer] Fetched data keys: [index, linux, tags/linux, tags/命令, tags/index] @ http://localhost:8080/postscript.js:0
[   44367ms] [LOG] [Explorer] Entry count: 5 @ http://localhost:8080/postscript.js:0
[   44367ms] [LOG] [Explorer] Trie root children: 2 @ http://localhost:8080/postscript.js:0
[   44374ms] [LOG] [Explorer] Render generation is current, rendering tree @ http://localhost:8080/postscript.js:0
[   44374ms] [LOG] [Explorer] Trie result: success @ http://localhost:8080/postscript.js:0
[   44374ms] [LOG] [Explorer] Rendering 1 children @ http://localhost:8080/postscript.js:0
[   44374ms] [LOG] [Explorer] Render complete, final list length: 2 @ http://localhost:8080/postscript.js:0
[   44871ms] [LOG] [Explorer] Nav event received, generation: 1 @ http://localhost:8080/postscript.js:0
[   44871ms] [LOG] [Explorer] Found 1 explorers @ http://localhost:8080/postscript.js:0
[   44871ms] [LOG] [Explorer] Starting tree build... @ http://localhost:8080/postscript.js:0
[   44871ms] [LOG] [Explorer] Fetching content index... @ http://localhost:8080/postscript.js:0
[   44897ms] [LOG] [Explorer] Fetched data keys: [index, linux, tags/linux, tags/命令, tags/index] @ http://localhost:8080/postscript.js:0
[   44897ms] [LOG] [Explorer] Entry count: 5 @ http://localhost:8080/postscript.js:0
[   44897ms] [LOG] [Explorer] Trie root children: 2 @ http://localhost:8080/postscript.js:0
[   44904ms] [LOG] [Explorer] Render generation is current, rendering tree @ http://localhost:8080/postscript.js:0
[   44904ms] [LOG] [Explorer] Trie result: success @ http://localhost:8080/postscript.js:0
[   44904ms] [LOG] [Explorer] Rendering 1 children @ http://localhost:8080/postscript.js:0
[   44904ms] [LOG] [Explorer] Render complete, final list length: 2 @ http://localhost:8080/postscript.js:0
[   45406ms] [LOG] [Explorer] Nav event received, generation: 1 @ http://localhost:8080/postscript.js:0
[   45407ms] [LOG] [Explorer] Found 1 explorers @ http://localhost:8080/postscript.js:0
[   45407ms] [LOG] [Explorer] Starting tree build... @ http://localhost:8080/postscript.js:0
[   45407ms] [LOG] [Explorer] Fetching content index... @ http://localhost:8080/postscript.js:0
[   45435ms] [LOG] [Explorer] Fetched data keys: [index, linux, tags/linux, tags/命令, tags/index] @ http://localhost:8080/postscript.js:0
[   45436ms] [LOG] [Explorer] Entry count: 5 @ http://localhost:8080/postscript.js:0
[   45436ms] [LOG] [Explorer] Trie root children: 2 @ http://localhost:8080/postscript.js:0
[   45443ms] [LOG] [Explorer] Render generation is current, rendering tree @ http://localhost:8080/postscript.js:0
[   45443ms] [LOG] [Explorer] Trie result: success @ http://localhost:8080/postscript.js:0
[   45443ms] [LOG] [Explorer] Rendering 1 children @ http://localhost:8080/postscript.js:0
[   45443ms] [LOG] [Explorer] Render complete, final list length: 2 @ http://localhost:8080/postscript.js:0
[   45956ms] [LOG] [Explorer] Nav event received, generation: 1 @ http://localhost:8080/postscript.js:0
[   45956ms] [LOG] [Explorer] Found 1 explorers @ http://localhost:8080/postscript.js:0
[   45957ms] [LOG] [Explorer] Starting tree build... @ http://localhost:8080/postscript.js:0
[   45957ms] [LOG] [Explorer] Fetching content index... @ http://localhost:8080/postscript.js:0
[   45976ms] [LOG] [Explorer] Fetched data keys: [index, linux, tags/linux, tags/命令, tags/index] @ http://localhost:8080/postscript.js:0
[   45976ms] [LOG] [Explorer] Entry count: 5 @ http://localhost:8080/postscript.js:0
[   45976ms] [LOG] [Explorer] Trie root children: 2 @ http://localhost:8080/postscript.js:0
[   45983ms] [LOG] [Explorer] Render generation is current, rendering tree @ http://localhost:8080/postscript.js:0
[   45983ms] [LOG] [Explorer] Trie result: success @ http://localhost:8080/postscript.js:0
[   45983ms] [LOG] [Explorer] Rendering 1 children @ http://localhost:8080/postscript.js:0
[   45983ms] [LOG] [Explorer] Render complete, final list length: 2 @ http://localhost:8080/postscript.js:0
[   46504ms] [LOG] [Explorer] Nav event received, generation: 1 @ http://localhost:8080/postscript.js:0
[   46504ms] [LOG] [Explorer] Found 1 explorers @ http://localhost:8080/postscript.js:0
[   46505ms] [LOG] [Explorer] Starting tree build... @ http://localhost:8080/postscript.js:0
[   46505ms] [LOG] [Explorer] Fetching content index... @ http://localhost:8080/postscript.js:0
[   46535ms] [LOG] [Explorer] Fetched data keys: [index, linux, tags/linux, tags/命令, tags/index] @ http://localhost:8080/postscript.js:0
[   46535ms] [LOG] [Explorer] Entry count: 5 @ http://localhost:8080/postscript.js:0
[   46535ms] [LOG] [Explorer] Trie root children: 2 @ http://localhost:8080/postscript.js:0
[   46542ms] [LOG] [Explorer] Render generation is current, rendering tree @ http://localhost:8080/postscript.js:0
[   46542ms] [LOG] [Explorer] Trie result: success @ http://localhost:8080/postscript.js:0
[   46542ms] [LOG] [Explorer] Rendering 1 children @ http://localhost:8080/postscript.js:0
[   46542ms] [LOG] [Explorer] Render complete, final list length: 2 @ http://localhost:8080/postscript.js:0
[   47042ms] [LOG] [Explorer] Nav event received, generation: 1 @ http://localhost:8080/postscript.js:0
[   47042ms] [LOG] [Explorer] Found 1 explorers @ http://localhost:8080/postscript.js:0
[   47042ms] [LOG] [Explorer] Starting tree build... @ http://localhost:8080/postscript.js:0
[   47042ms] [LOG] [Explorer] Fetching content index... @ http://localhost:8080/postscript.js:0
[   47073ms] [LOG] [Explorer] Fetched data keys: [index, linux, tags/linux, tags/命令, tags/index] @ http://localhost:8080/postscript.js:0
[   47073ms] [LOG] [Explorer] Entry count: 5 @ http://localhost:8080/postscript.js:0
[   47073ms] [LOG] [Explorer] Trie root children: 2 @ http://localhost:8080/postscript.js:0
[   47080ms] [LOG] [Explorer] Render generation is current, rendering tree @ http://localhost:8080/postscript.js:0
[   47080ms] [LOG] [Explorer] Trie result: success @ http://localhost:8080/postscript.js:0
[   47080ms] [LOG] [Explorer] Rendering 1 children @ http://localhost:8080/postscript.js:0
[   47080ms] [LOG] [Explorer] Render complete, final list length: 2 @ http://localhost:8080/postscript.js:0
[   47586ms] [LOG] [Explorer] Nav event received, generation: 1 @ http://localhost:8080/postscript.js:0
[   47586ms] [LOG] [Explorer] Found 1 explorers @ http://localhost:8080/postscript.js:0
[   47586ms] [LOG] [Explorer] Starting tree build... @ http://localhost:8080/postscript.js:0
[   47586ms] [LOG] [Explorer] Fetching content index... @ http://localhost:8080/postscript.js:0
[   47611ms] [LOG] [Explorer] Fetched data keys: [index, linux, tags/linux, tags/命令, tags/index] @ http://localhost:8080/postscript.js:0
[   47611ms] [LOG] [Explorer] Entry count: 5 @ http://localhost:8080/postscript.js:0
[   47611ms] [LOG] [Explorer] Trie root children: 2 @ http://localhost:8080/postscript.js:0
[   47619ms] [LOG] [Explorer] Render generation is current, rendering tree @ http://localhost:8080/postscript.js:0
[   47619ms] [LOG] [Explorer] Trie result: success @ http://localhost:8080/postscript.js:0
[   47619ms] [LOG] [Explorer] Rendering 1 children @ http://localhost:8080/postscript.js:0
[   47619ms] [LOG] [Explorer] Render complete, final list length: 2 @ http://localhost:8080/postscript.js:0
[   48154ms] [LOG] [Explorer] Nav event received, generation: 1 @ http://localhost:8080/postscript.js:0
[   48155ms] [LOG] [Explorer] Found 1 explorers @ http://localhost:8080/postscript.js:0
[   48155ms] [LOG] [Explorer] Starting tree build... @ http://localhost:8080/postscript.js:0
[   48155ms] [LOG] [Explorer] Fetching content index... @ http://localhost:8080/postscript.js:0
[   48163ms] [LOG] [Explorer] Fetched data keys: [index, linux, tags/linux, tags/命令, tags/index] @ http://localhost:8080/postscript.js:0
[   48163ms] [LOG] [Explorer] Entry count: 5 @ http://localhost:8080/postscript.js:0
[   48163ms] [LOG] [Explorer] Trie root children: 2 @ http://localhost:8080/postscript.js:0
[   48165ms] [LOG] [Explorer] Render generation is current, rendering tree @ http://localhost:8080/postscript.js:0
[   48165ms] [LOG] [Explorer] Trie result: success @ http://localhost:8080/postscript.js:0
[   48165ms] [LOG] [Explorer] Rendering 1 children @ http://localhost:8080/postscript.js:0
[   48165ms] [LOG] [Explorer] Render complete, final list length: 2 @ http://localhost:8080/postscript.js:0
[   48698ms] [LOG] [Explorer] Nav event received, generation: 1 @ http://localhost:8080/postscript.js:0
[   48698ms] [LOG] [Explorer] Found 1 explorers @ http://localhost:8080/postscript.js:0
[   48699ms] [LOG] [Explorer] Starting tree build... @ http://localhost:8080/postscript.js:0
[   48699ms] [LOG] [Explorer] Fetching content index... @ http://localhost:8080/postscript.js:0
[   48725ms] [LOG] [Explorer] Fetched data keys: [index, linux, tags/linux, tags/命令, tags/index] @ http://localhost:8080/postscript.js:0
[   48726ms] [LOG] [Explorer] Entry count: 5 @ http://localhost:8080/postscript.js:0
[   48726ms] [LOG] [Explorer] Trie root children: 2 @ http://localhost:8080/postscript.js:0
[   48734ms] [LOG] [Explorer] Render generation is current, rendering tree @ http://localhost:8080/postscript.js:0
[   48734ms] [LOG] [Explorer] Trie result: success @ http://localhost:8080/postscript.js:0
[   48734ms] [LOG] [Explorer] Rendering 1 children @ http://localhost:8080/postscript.js:0
[   48734ms] [LOG] [Explorer] Render complete, final list length: 2 @ http://localhost:8080/postscript.js:0
[   49247ms] [LOG] [Explorer] Nav event received, generation: 1 @ http://localhost:8080/postscript.js:0
[   49247ms] [LOG] [Explorer] Found 1 explorers @ http://localhost:8080/postscript.js:0
[   49247ms] [LOG] [Explorer] Starting tree build... @ http://localhost:8080/postscript.js:0
[   49247ms] [LOG] [Explorer] Fetching content index... @ http://localhost:8080/postscript.js:0
[   49290ms] [LOG] [Explorer] Fetched data keys: [index, linux, tags/linux, tags/命令, tags/index] @ http://localhost:8080/postscript.js:0
[   49290ms] [LOG] [Explorer] Entry count: 5 @ http://localhost:8080/postscript.js:0
[   49290ms] [LOG] [Explorer] Trie root children: 2 @ http://localhost:8080/postscript.js:0
[   49300ms] [LOG] [Explorer] Render generation is current, rendering tree @ http://localhost:8080/postscript.js:0
[   49300ms] [LOG] [Explorer] Trie result: success @ http://localhost:8080/postscript.js:0
[   49300ms] [LOG] [Explorer] Rendering 1 children @ http://localhost:8080/postscript.js:0
[   49300ms] [LOG] [Explorer] Render complete, final list length: 2 @ http://localhost:8080/postscript.js:0
[   49781ms] [LOG] [Explorer] Nav event received, generation: 1 @ http://localhost:8080/postscript.js:0
[   49781ms] [LOG] [Explorer] Found 1 explorers @ http://localhost:8080/postscript.js:0
[   49782ms] [LOG] [Explorer] Starting tree build... @ http://localhost:8080/postscript.js:0
[   49782ms] [LOG] [Explorer] Fetching content index... @ http://localhost:8080/postscript.js:0
[   49806ms] [LOG] [Explorer] Fetched data keys: [index, linux, tags/linux, tags/命令, tags/index] @ http://localhost:8080/postscript.js:0
[   49806ms] [LOG] [Explorer] Entry count: 5 @ http://localhost:8080/postscript.js:0
[   49806ms] [LOG] [Explorer] Trie root children: 2 @ http://localhost:8080/postscript.js:0
[   49813ms] [LOG] [Explorer] Render generation is current, rendering tree @ http://localhost:8080/postscript.js:0
[   49813ms] [LOG] [Explorer] Trie result: success @ http://localhost:8080/postscript.js:0
[   49813ms] [LOG] [Explorer] Rendering 1 children @ http://localhost:8080/postscript.js:0
[   49813ms] [LOG] [Explorer] Render complete, final list length: 2 @ http://localhost:8080/postscript.js:0
[   50319ms] [LOG] [Explorer] Nav event received, generation: 1 @ http://localhost:8080/postscript.js:0
[   50320ms] [LOG] [Explorer] Found 1 explorers @ http://localhost:8080/postscript.js:0
[   50320ms] [LOG] [Explorer] Starting tree build... @ http://localhost:8080/postscript.js:0
[   50320ms] [LOG] [Explorer] Fetching content index... @ http://localhost:8080/postscript.js:0
[   50346ms] [LOG] [Explorer] Fetched data keys: [index, linux, tags/linux, tags/命令, tags/index] @ http://localhost:8080/postscript.js:0
[   50347ms] [LOG] [Explorer] Entry count: 5 @ http://localhost:8080/postscript.js:0
[   50347ms] [LOG] [Explorer] Trie root children: 2 @ http://localhost:8080/postscript.js:0
[   50354ms] [LOG] [Explorer] Render generation is current, rendering tree @ http://localhost:8080/postscript.js:0
[   50354ms] [LOG] [Explorer] Trie result: success @ http://localhost:8080/postscript.js:0
[   50354ms] [LOG] [Explorer] Rendering 1 children @ http://localhost:8080/postscript.js:0
[   50354ms] [LOG] [Explorer] Render complete, final list length: 2 @ http://localhost:8080/postscript.js:0
[   50851ms] [LOG] [Explorer] Nav event received, generation: 1 @ http://localhost:8080/postscript.js:0
[   50852ms] [LOG] [Explorer] Found 1 explorers @ http://localhost:8080/postscript.js:0
[   50852ms] [LOG] [Explorer] Starting tree build... @ http://localhost:8080/postscript.js:0
[   50852ms] [LOG] [Explorer] Fetching content index... @ http://localhost:8080/postscript.js:0
[   50877ms] [LOG] [Explorer] Fetched data keys: [index, linux, tags/linux, tags/命令, tags/index] @ http://localhost:8080/postscript.js:0
[   50877ms] [LOG] [Explorer] Entry count: 5 @ http://localhost:8080/postscript.js:0
[   50877ms] [LOG] [Explorer] Trie root children: 2 @ http://localhost:8080/postscript.js:0
[   50885ms] [LOG] [Explorer] Render generation is current, rendering tree @ http://localhost:8080/postscript.js:0
[   50886ms] [LOG] [Explorer] Trie result: success @ http://localhost:8080/postscript.js:0
[   50886ms] [LOG] [Explorer] Rendering 1 children @ http://localhost:8080/postscript.js:0
[   50886ms] [LOG] [Explorer] Render complete, final list length: 2 @ http://localhost:8080/postscript.js:0
[   51393ms] [LOG] [Explorer] Nav event received, generation: 1 @ http://localhost:8080/postscript.js:0
[   51393ms] [LOG] [Explorer] Found 1 explorers @ http://localhost:8080/postscript.js:0
[   51393ms] [LOG] [Explorer] Starting tree build... @ http://localhost:8080/postscript.js:0
[   51393ms] [LOG] [Explorer] Fetching content index... @ http://localhost:8080/postscript.js:0
[   51424ms] [LOG] [Explorer] Fetched data keys: [index, linux, tags/linux, tags/命令, tags/index] @ http://localhost:8080/postscript.js:0
[   51424ms] [LOG] [Explorer] Entry count: 5 @ http://localhost:8080/postscript.js:0
[   51424ms] [LOG] [Explorer] Trie root children: 2 @ http://localhost:8080/postscript.js:0
[   51431ms] [LOG] [Explorer] Render generation is current, rendering tree @ http://localhost:8080/postscript.js:0
[   51431ms] [LOG] [Explorer] Trie result: success @ http://localhost:8080/postscript.js:0
[   51431ms] [LOG] [Explorer] Rendering 1 children @ http://localhost:8080/postscript.js:0
[   51431ms] [LOG] [Explorer] Render complete, final list length: 2 @ http://localhost:8080/postscript.js:0
[   51927ms] [LOG] [Explorer] Nav event received, generation: 1 @ http://localhost:8080/postscript.js:0
[   51927ms] [LOG] [Explorer] Found 1 explorers @ http://localhost:8080/postscript.js:0
[   51927ms] [LOG] [Explorer] Starting tree build... @ http://localhost:8080/postscript.js:0
[   51927ms] [LOG] [Explorer] Fetching content index... @ http://localhost:8080/postscript.js:0
[   51960ms] [LOG] [Explorer] Fetched data keys: [index, linux, tags/linux, tags/命令, tags/index] @ http://localhost:8080/postscript.js:0
[   51960ms] [LOG] [Explorer] Entry count: 5 @ http://localhost:8080/postscript.js:0
[   51960ms] [LOG] [Explorer] Trie root children: 2 @ http://localhost:8080/postscript.js:0
[   51967ms] [LOG] [Explorer] Render generation is current, rendering tree @ http://localhost:8080/postscript.js:0
[   51967ms] [LOG] [Explorer] Trie result: success @ http://localhost:8080/postscript.js:0
[   51967ms] [LOG] [Explorer] Rendering 1 children @ http://localhost:8080/postscript.js:0
[   51968ms] [LOG] [Explorer] Render complete, final list length: 2 @ http://localhost:8080/postscript.js:0
[   52480ms] [LOG] [Explorer] Nav event received, generation: 1 @ http://localhost:8080/postscript.js:0
[   52480ms] [LOG] [Explorer] Found 1 explorers @ http://localhost:8080/postscript.js:0
[   52480ms] [LOG] [Explorer] Starting tree build... @ http://localhost:8080/postscript.js:0
[   52480ms] [LOG] [Explorer] Fetching content index... @ http://localhost:8080/postscript.js:0
[   52511ms] [LOG] [Explorer] Fetched data keys: [index, linux, tags/linux, tags/命令, tags/index] @ http://localhost:8080/postscript.js:0
[   52511ms] [LOG] [Explorer] Entry count: 5 @ http://localhost:8080/postscript.js:0
[   52511ms] [LOG] [Explorer] Trie root children: 2 @ http://localhost:8080/postscript.js:0
[   52519ms] [LOG] [Explorer] Render generation is current, rendering tree @ http://localhost:8080/postscript.js:0
[   52519ms] [LOG] [Explorer] Trie result: success @ http://localhost:8080/postscript.js:0
[   52519ms] [LOG] [Explorer] Rendering 1 children @ http://localhost:8080/postscript.js:0
[   52520ms] [LOG] [Explorer] Render complete, final list length: 2 @ http://localhost:8080/postscript.js:0
[   53013ms] [LOG] [Explorer] Nav event received, generation: 1 @ http://localhost:8080/postscript.js:0
[   53013ms] [LOG] [Explorer] Found 1 explorers @ http://localhost:8080/postscript.js:0
[   53014ms] [LOG] [Explorer] Starting tree build... @ http://localhost:8080/postscript.js:0
[   53014ms] [LOG] [Explorer] Fetching content index... @ http://localhost:8080/postscript.js:0
[   53045ms] [LOG] [Explorer] Fetched data keys: [index, linux, tags/linux, tags/命令, tags/index] @ http://localhost:8080/postscript.js:0
[   53045ms] [LOG] [Explorer] Entry count: 5 @ http://localhost:8080/postscript.js:0
[   53045ms] [LOG] [Explorer] Trie root children: 2 @ http://localhost:8080/postscript.js:0
[   53052ms] [LOG] [Explorer] Render generation is current, rendering tree @ http://localhost:8080/postscript.js:0
[   53053ms] [LOG] [Explorer] Trie result: success @ http://localhost:8080/postscript.js:0
[   53053ms] [LOG] [Explorer] Rendering 1 children @ http://localhost:8080/postscript.js:0
[   53053ms] [LOG] [Explorer] Render complete, final list length: 2 @ http://localhost:8080/postscript.js:0
[   53544ms] [LOG] [Explorer] Nav event received, generation: 1 @ http://localhost:8080/postscript.js:0
[   53544ms] [LOG] [Explorer] Found 1 explorers @ http://localhost:8080/postscript.js:0
[   53544ms] [LOG] [Explorer] Starting tree build... @ http://localhost:8080/postscript.js:0
[   53544ms] [LOG] [Explorer] Fetching content index... @ http://localhost:8080/postscript.js:0
[   53569ms] [LOG] [Explorer] Fetched data keys: [index, linux, tags/linux, tags/命令, tags/index] @ http://localhost:8080/postscript.js:0
[   53570ms] [LOG] [Explorer] Entry count: 5 @ http://localhost:8080/postscript.js:0
[   53570ms] [LOG] [Explorer] Trie root children: 2 @ http://localhost:8080/postscript.js:0
[   53577ms] [LOG] [Explorer] Render generation is current, rendering tree @ http://localhost:8080/postscript.js:0
[   53577ms] [LOG] [Explorer] Trie result: success @ http://localhost:8080/postscript.js:0
[   53578ms] [LOG] [Explorer] Rendering 1 children @ http://localhost:8080/postscript.js:0
[   53578ms] [LOG] [Explorer] Render complete, final list length: 2 @ http://localhost:8080/postscript.js:0
[   54077ms] [LOG] [Explorer] Nav event received, generation: 1 @ http://localhost:8080/postscript.js:0
[   54077ms] [LOG] [Explorer] Found 1 explorers @ http://localhost:8080/postscript.js:0
[   54077ms] [LOG] [Explorer] Starting tree build... @ http://localhost:8080/postscript.js:0
[   54077ms] [LOG] [Explorer] Fetching content index... @ http://localhost:8080/postscript.js:0
[   54107ms] [LOG] [Explorer] Fetched data keys: [index, linux, tags/linux, tags/命令, tags/index] @ http://localhost:8080/postscript.js:0
[   54107ms] [LOG] [Explorer] Entry count: 5 @ http://localhost:8080/postscript.js:0
[   54107ms] [LOG] [Explorer] Trie root children: 2 @ http://localhost:8080/postscript.js:0
[   54114ms] [LOG] [Explorer] Render generation is current, rendering tree @ http://localhost:8080/postscript.js:0
[   54114ms] [LOG] [Explorer] Trie result: success @ http://localhost:8080/postscript.js:0
[   54114ms] [LOG] [Explorer] Rendering 1 children @ http://localhost:8080/postscript.js:0
[   54114ms] [LOG] [Explorer] Render complete, final list length: 2 @ http://localhost:8080/postscript.js:0
[   54623ms] [LOG] [Explorer] Nav event received, generation: 1 @ http://localhost:8080/postscript.js:0
[   54623ms] [LOG] [Explorer] Found 1 explorers @ http://localhost:8080/postscript.js:0
[   54623ms] [LOG] [Explorer] Starting tree build... @ http://localhost:8080/postscript.js:0
[   54623ms] [LOG] [Explorer] Fetching content index... @ http://localhost:8080/postscript.js:0
[   54650ms] [LOG] [Explorer] Fetched data keys: [index, linux, tags/linux, tags/命令, tags/index] @ http://localhost:8080/postscript.js:0
[   54650ms] [LOG] [Explorer] Entry count: 5 @ http://localhost:8080/postscript.js:0
[   54650ms] [LOG] [Explorer] Trie root children: 2 @ http://localhost:8080/postscript.js:0
[   54657ms] [LOG] [Explorer] Render generation is current, rendering tree @ http://localhost:8080/postscript.js:0
[   54657ms] [LOG] [Explorer] Trie result: success @ http://localhost:8080/postscript.js:0
[   54657ms] [LOG] [Explorer] Rendering 1 children @ http://localhost:8080/postscript.js:0
[   54657ms] [LOG] [Explorer] Render complete, final list length: 2 @ http://localhost:8080/postscript.js:0
[   55178ms] [LOG] [Explorer] Nav event received, generation: 1 @ http://localhost:8080/postscript.js:0
[   55179ms] [LOG] [Explorer] Found 1 explorers @ http://localhost:8080/postscript.js:0
[   55179ms] [LOG] [Explorer] Starting tree build... @ http://localhost:8080/postscript.js:0
[   55179ms] [LOG] [Explorer] Fetching content index... @ http://localhost:8080/postscript.js:0
[   55207ms] [LOG] [Explorer] Fetched data keys: [index, linux, tags/linux, tags/命令, tags/index] @ http://localhost:8080/postscript.js:0
[   55207ms] [LOG] [Explorer] Entry count: 5 @ http://localhost:8080/postscript.js:0
[   55207ms] [LOG] [Explorer] Trie root children: 2 @ http://localhost:8080/postscript.js:0
[   55215ms] [LOG] [Explorer] Render generation is current, rendering tree @ http://localhost:8080/postscript.js:0
[   55215ms] [LOG] [Explorer] Trie result: success @ http://localhost:8080/postscript.js:0
[   55215ms] [LOG] [Explorer] Rendering 1 children @ http://localhost:8080/postscript.js:0
[   55215ms] [LOG] [Explorer] Render complete, final list length: 2 @ http://localhost:8080/postscript.js:0
[   55710ms] [LOG] [Explorer] Nav event received, generation: 1 @ http://localhost:8080/postscript.js:0
[   55710ms] [LOG] [Explorer] Found 1 explorers @ http://localhost:8080/postscript.js:0
[   55710ms] [LOG] [Explorer] Starting tree build... @ http://localhost:8080/postscript.js:0
[   55710ms] [LOG] [Explorer] Fetching content index... @ http://localhost:8080/postscript.js:0
[   55742ms] [LOG] [Explorer] Fetched data keys: [index, linux, tags/linux, tags/命令, tags/index] @ http://localhost:8080/postscript.js:0
[   55742ms] [LOG] [Explorer] Entry count: 5 @ http://localhost:8080/postscript.js:0
[   55742ms] [LOG] [Explorer] Trie root children: 2 @ http://localhost:8080/postscript.js:0
[   55749ms] [LOG] [Explorer] Render generation is current, rendering tree @ http://localhost:8080/postscript.js:0
[   55749ms] [LOG] [Explorer] Trie result: success @ http://localhost:8080/postscript.js:0
[   55749ms] [LOG] [Explorer] Rendering 1 children @ http://localhost:8080/postscript.js:0
[   55749ms] [LOG] [Explorer] Render complete, final list length: 2 @ http://localhost:8080/postscript.js:0
[   56237ms] [LOG] [Explorer] Nav event received, generation: 1 @ http://localhost:8080/postscript.js:0
[   56238ms] [LOG] [Explorer] Found 1 explorers @ http://localhost:8080/postscript.js:0
[   56238ms] [LOG] [Explorer] Starting tree build... @ http://localhost:8080/postscript.js:0
[   56238ms] [LOG] [Explorer] Fetching content index... @ http://localhost:8080/postscript.js:0
[   56265ms] [LOG] [Explorer] Fetched data keys: [index, linux, tags/linux, tags/命令, tags/index] @ http://localhost:8080/postscript.js:0
[   56265ms] [LOG] [Explorer] Entry count: 5 @ http://localhost:8080/postscript.js:0
[   56265ms] [LOG] [Explorer] Trie root children: 2 @ http://localhost:8080/postscript.js:0
[   56272ms] [LOG] [Explorer] Render generation is current, rendering tree @ http://localhost:8080/postscript.js:0
[   56272ms] [LOG] [Explorer] Trie result: success @ http://localhost:8080/postscript.js:0
[   56273ms] [LOG] [Explorer] Rendering 1 children @ http://localhost:8080/postscript.js:0
[   56273ms] [LOG] [Explorer] Render complete, final list length: 2 @ http://localhost:8080/postscript.js:0
[   56784ms] [LOG] [Explorer] Nav event received, generation: 1 @ http://localhost:8080/postscript.js:0
[   56784ms] [LOG] [Explorer] Found 1 explorers @ http://localhost:8080/postscript.js:0
[   56784ms] [LOG] [Explorer] Starting tree build... @ http://localhost:8080/postscript.js:0
[   56784ms] [LOG] [Explorer] Fetching content index... @ http://localhost:8080/postscript.js:0
[   56808ms] [LOG] [Explorer] Fetched data keys: [index, linux, tags/linux, tags/命令, tags/index] @ http://localhost:8080/postscript.js:0
[   56808ms] [LOG] [Explorer] Entry count: 5 @ http://localhost:8080/postscript.js:0
[   56808ms] [LOG] [Explorer] Trie root children: 2 @ http://localhost:8080/postscript.js:0
[   56816ms] [LOG] [Explorer] Render generation is current, rendering tree @ http://localhost:8080/postscript.js:0
[   56816ms] [LOG] [Explorer] Trie result: success @ http://localhost:8080/postscript.js:0
[   56816ms] [LOG] [Explorer] Rendering 1 children @ http://localhost:8080/postscript.js:0
[   56817ms] [LOG] [Explorer] Render complete, final list length: 2 @ http://localhost:8080/postscript.js:0
[   57317ms] [LOG] [Explorer] Nav event received, generation: 1 @ http://localhost:8080/postscript.js:0
[   57317ms] [LOG] [Explorer] Found 1 explorers @ http://localhost:8080/postscript.js:0
[   57317ms] [LOG] [Explorer] Starting tree build... @ http://localhost:8080/postscript.js:0
[   57317ms] [LOG] [Explorer] Fetching content index... @ http://localhost:8080/postscript.js:0
[   57349ms] [LOG] [Explorer] Fetched data keys: [index, linux, tags/linux, tags/命令, tags/index] @ http://localhost:8080/postscript.js:0
[   57349ms] [LOG] [Explorer] Entry count: 5 @ http://localhost:8080/postscript.js:0
[   57349ms] [LOG] [Explorer] Trie root children: 2 @ http://localhost:8080/postscript.js:0
[   57358ms] [LOG] [Explorer] Render generation is current, rendering tree @ http://localhost:8080/postscript.js:0
[   57358ms] [LOG] [Explorer] Trie result: success @ http://localhost:8080/postscript.js:0
[   57358ms] [LOG] [Explorer] Rendering 1 children @ http://localhost:8080/postscript.js:0
[   57358ms] [LOG] [Explorer] Render complete, final list length: 2 @ http://localhost:8080/postscript.js:0
[   57851ms] [LOG] [Explorer] Nav event received, generation: 1 @ http://localhost:8080/postscript.js:0
[   57851ms] [LOG] [Explorer] Found 1 explorers @ http://localhost:8080/postscript.js:0
[   57851ms] [LOG] [Explorer] Starting tree build... @ http://localhost:8080/postscript.js:0
[   57851ms] [LOG] [Explorer] Fetching content index... @ http://localhost:8080/postscript.js:0
[   57881ms] [LOG] [Explorer] Fetched data keys: [index, linux, tags/linux, tags/命令, tags/index] @ http://localhost:8080/postscript.js:0
[   57881ms] [LOG] [Explorer] Entry count: 5 @ http://localhost:8080/postscript.js:0
[   57881ms] [LOG] [Explorer] Trie root children: 2 @ http://localhost:8080/postscript.js:0
[   57890ms] [LOG] [Explorer] Render generation is current, rendering tree @ http://localhost:8080/postscript.js:0
[   57890ms] [LOG] [Explorer] Trie result: success @ http://localhost:8080/postscript.js:0
[   57890ms] [LOG] [Explorer] Rendering 1 children @ http://localhost:8080/postscript.js:0
[   57890ms] [LOG] [Explorer] Render complete, final list length: 2 @ http://localhost:8080/postscript.js:0
[   58375ms] [LOG] [Explorer] Nav event received, generation: 1 @ http://localhost:8080/postscript.js:0
[   58375ms] [LOG] [Explorer] Found 1 explorers @ http://localhost:8080/postscript.js:0
[   58375ms] [LOG] [Explorer] Starting tree build... @ http://localhost:8080/postscript.js:0
[   58375ms] [LOG] [Explorer] Fetching content index... @ http://localhost:8080/postscript.js:0
[   58403ms] [LOG] [Explorer] Fetched data keys: [index, linux, tags/linux, tags/命令, tags/index] @ http://localhost:8080/postscript.js:0
[   58403ms] [LOG] [Explorer] Entry count: 5 @ http://localhost:8080/postscript.js:0
[   58403ms] [LOG] [Explorer] Trie root children: 2 @ http://localhost:8080/postscript.js:0
[   58411ms] [LOG] [Explorer] Render generation is current, rendering tree @ http://localhost:8080/postscript.js:0
[   58411ms] [LOG] [Explorer] Trie result: success @ http://localhost:8080/postscript.js:0
[   58411ms] [LOG] [Explorer] Rendering 1 children @ http://localhost:8080/postscript.js:0
[   58411ms] [LOG] [Explorer] Render complete, final list length: 2 @ http://localhost:8080/postscript.js:0
[   58913ms] [LOG] [Explorer] Nav event received, generation: 1 @ http://localhost:8080/postscript.js:0
[   58913ms] [LOG] [Explorer] Found 1 explorers @ http://localhost:8080/postscript.js:0
[   58913ms] [LOG] [Explorer] Starting tree build... @ http://localhost:8080/postscript.js:0
[   58913ms] [LOG] [Explorer] Fetching content index... @ http://localhost:8080/postscript.js:0
[   58936ms] [LOG] [Explorer] Fetched data keys: [index, linux, tags/linux, tags/命令, tags/index] @ http://localhost:8080/postscript.js:0
[   58936ms] [LOG] [Explorer] Entry count: 5 @ http://localhost:8080/postscript.js:0
[   58936ms] [LOG] [Explorer] Trie root children: 2 @ http://localhost:8080/postscript.js:0
[   58943ms] [LOG] [Explorer] Render generation is current, rendering tree @ http://localhost:8080/postscript.js:0
[   58943ms] [LOG] [Explorer] Trie result: success @ http://localhost:8080/postscript.js:0
[   58943ms] [LOG] [Explorer] Rendering 1 children @ http://localhost:8080/postscript.js:0
[   58943ms] [LOG] [Explorer] Render complete, final list length: 2 @ http://localhost:8080/postscript.js:0
[   59455ms] [LOG] [Explorer] Nav event received, generation: 1 @ http://localhost:8080/postscript.js:0
[   59455ms] [LOG] [Explorer] Found 1 explorers @ http://localhost:8080/postscript.js:0
[   59455ms] [LOG] [Explorer] Starting tree build... @ http://localhost:8080/postscript.js:0
[   59455ms] [LOG] [Explorer] Fetching content index... @ http://localhost:8080/postscript.js:0
[   59475ms] [LOG] [Explorer] Fetched data keys: [index, linux, tags/linux, tags/命令, tags/index] @ http://localhost:8080/postscript.js:0
[   59475ms] [LOG] [Explorer] Entry count: 5 @ http://localhost:8080/postscript.js:0
[   59475ms] [LOG] [Explorer] Trie root children: 2 @ http://localhost:8080/postscript.js:0
[   59482ms] [LOG] [Explorer] Render generation is current, rendering tree @ http://localhost:8080/postscript.js:0
[   59482ms] [LOG] [Explorer] Trie result: success @ http://localhost:8080/postscript.js:0
[   59483ms] [LOG] [Explorer] Rendering 1 children @ http://localhost:8080/postscript.js:0
[   59483ms] [LOG] [Explorer] Render complete, final list length: 2 @ http://localhost:8080/postscript.js:0
[   59985ms] [LOG] [Explorer] Nav event received, generation: 1 @ http://localhost:8080/postscript.js:0
[   59986ms] [LOG] [Explorer] Found 1 explorers @ http://localhost:8080/postscript.js:0
[   59986ms] [LOG] [Explorer] Starting tree build... @ http://localhost:8080/postscript.js:0
[   59986ms] [LOG] [Explorer] Fetching content index... @ http://localhost:8080/postscript.js:0
[   60009ms] [LOG] [Explorer] Fetched data keys: [index, linux, tags/linux, tags/命令, tags/index] @ http://localhost:8080/postscript.js:0
[   60009ms] [LOG] [Explorer] Entry count: 5 @ http://localhost:8080/postscript.js:0
[   60009ms] [LOG] [Explorer] Trie root children: 2 @ http://localhost:8080/postscript.js:0
[   60016ms] [LOG] [Explorer] Render generation is current, rendering tree @ http://localhost:8080/postscript.js:0
[   60017ms] [LOG] [Explorer] Trie result: success @ http://localhost:8080/postscript.js:0
[   60017ms] [LOG] [Explorer] Rendering 1 children @ http://localhost:8080/postscript.js:0
[   60017ms] [LOG] [Explorer] Render complete, final list length: 2 @ http://localhost:8080/postscript.js:0
[   60518ms] [LOG] [Explorer] Nav event received, generation: 1 @ http://localhost:8080/postscript.js:0
[   60518ms] [LOG] [Explorer] Found 1 explorers @ http://localhost:8080/postscript.js:0
[   60518ms] [LOG] [Explorer] Starting tree build... @ http://localhost:8080/postscript.js:0
[   60519ms] [LOG] [Explorer] Fetching content index... @ http://localhost:8080/postscript.js:0
[   60544ms] [LOG] [Explorer] Fetched data keys: [index, linux, tags/linux, tags/命令, tags/index] @ http://localhost:8080/postscript.js:0
[   60544ms] [LOG] [Explorer] Entry count: 5 @ http://localhost:8080/postscript.js:0
[   60544ms] [LOG] [Explorer] Trie root children: 2 @ http://localhost:8080/postscript.js:0
[   60551ms] [LOG] [Explorer] Render generation is current, rendering tree @ http://localhost:8080/postscript.js:0
[   60552ms] [LOG] [Explorer] Trie result: success @ http://localhost:8080/postscript.js:0
[   60552ms] [LOG] [Explorer] Rendering 1 children @ http://localhost:8080/postscript.js:0
[   60552ms] [LOG] [Explorer] Render complete, final list length: 2 @ http://localhost:8080/postscript.js:0
[   61059ms] [LOG] [Explorer] Nav event received, generation: 1 @ http://localhost:8080/postscript.js:0
[   61059ms] [LOG] [Explorer] Found 1 explorers @ http://localhost:8080/postscript.js:0
[   61059ms] [LOG] [Explorer] Starting tree build... @ http://localhost:8080/postscript.js:0
[   61059ms] [LOG] [Explorer] Fetching content index... @ http://localhost:8080/postscript.js:0
[   61084ms] [LOG] [Explorer] Fetched data keys: [index, linux, tags/linux, tags/命令, tags/index] @ http://localhost:8080/postscript.js:0
[   61084ms] [LOG] [Explorer] Entry count: 5 @ http://localhost:8080/postscript.js:0
[   61084ms] [LOG] [Explorer] Trie root children: 2 @ http://localhost:8080/postscript.js:0
[   61091ms] [LOG] [Explorer] Render generation is current, rendering tree @ http://localhost:8080/postscript.js:0
[   61091ms] [LOG] [Explorer] Trie result: success @ http://localhost:8080/postscript.js:0
[   61091ms] [LOG] [Explorer] Rendering 1 children @ http://localhost:8080/postscript.js:0
[   61091ms] [LOG] [Explorer] Render complete, final list length: 2 @ http://localhost:8080/postscript.js:0
[   61608ms] [LOG] [Explorer] Nav event received, generation: 1 @ http://localhost:8080/postscript.js:0
[   61608ms] [LOG] [Explorer] Found 1 explorers @ http://localhost:8080/postscript.js:0
[   61608ms] [LOG] [Explorer] Starting tree build... @ http://localhost:8080/postscript.js:0
[   61608ms] [LOG] [Explorer] Fetching content index... @ http://localhost:8080/postscript.js:0
[   61610ms] [LOG] [Explorer] Fetched data keys: [index, linux, tags/linux, tags/命令, tags/index] @ http://localhost:8080/postscript.js:0
[   61610ms] [LOG] [Explorer] Entry count: 5 @ http://localhost:8080/postscript.js:0
[   61610ms] [LOG] [Explorer] Trie root children: 2 @ http://localhost:8080/postscript.js:0
[   61612ms] [LOG] [Explorer] Render generation is current, rendering tree @ http://localhost:8080/postscript.js:0
[   61612ms] [LOG] [Explorer] Trie result: success @ http://localhost:8080/postscript.js:0
[   61612ms] [LOG] [Explorer] Rendering 1 children @ http://localhost:8080/postscript.js:0
[   61613ms] [LOG] [Explorer] Render complete, final list length: 2 @ http://localhost:8080/postscript.js:0
[   62150ms] [LOG] [Explorer] Nav event received, generation: 1 @ http://localhost:8080/postscript.js:0
[   62150ms] [LOG] [Explorer] Found 1 explorers @ http://localhost:8080/postscript.js:0
[   62150ms] [LOG] [Explorer] Starting tree build... @ http://localhost:8080/postscript.js:0
[   62150ms] [LOG] [Explorer] Fetching content index... @ http://localhost:8080/postscript.js:0
[   62177ms] [LOG] [Explorer] Fetched data keys: [index, linux, tags/linux, tags/命令, tags/index] @ http://localhost:8080/postscript.js:0
[   62177ms] [LOG] [Explorer] Entry count: 5 @ http://localhost:8080/postscript.js:0
[   62177ms] [LOG] [Explorer] Trie root children: 2 @ http://localhost:8080/postscript.js:0
[   62184ms] [LOG] [Explorer] Render generation is current, rendering tree @ http://localhost:8080/postscript.js:0
[   62184ms] [LOG] [Explorer] Trie result: success @ http://localhost:8080/postscript.js:0
[   62184ms] [LOG] [Explorer] Rendering 1 children @ http://localhost:8080/postscript.js:0
[   62184ms] [LOG] [Explorer] Render complete, final list length: 2 @ http://localhost:8080/postscript.js:0
[   62687ms] [LOG] [Explorer] Nav event received, generation: 1 @ http://localhost:8080/postscript.js:0
[   62687ms] [LOG] [Explorer] Found 1 explorers @ http://localhost:8080/postscript.js:0
[   62687ms] [LOG] [Explorer] Starting tree build... @ http://localhost:8080/postscript.js:0
[   62688ms] [LOG] [Explorer] Fetching content index... @ http://localhost:8080/postscript.js:0
[   62712ms] [LOG] [Explorer] Fetched data keys: [index, linux, tags/linux, tags/命令, tags/index] @ http://localhost:8080/postscript.js:0
[   62712ms] [LOG] [Explorer] Entry count: 5 @ http://localhost:8080/postscript.js:0
[   62713ms] [LOG] [Explorer] Trie root children: 2 @ http://localhost:8080/postscript.js:0
[   62721ms] [LOG] [Explorer] Render generation is current, rendering tree @ http://localhost:8080/postscript.js:0
[   62721ms] [LOG] [Explorer] Trie result: success @ http://localhost:8080/postscript.js:0
[   62722ms] [LOG] [Explorer] Rendering 1 children @ http://localhost:8080/postscript.js:0
[   62722ms] [LOG] [Explorer] Render complete, final list length: 2 @ http://localhost:8080/postscript.js:0
[   63214ms] [LOG] [Explorer] Nav event received, generation: 1 @ http://localhost:8080/postscript.js:0
[   63214ms] [LOG] [Explorer] Found 1 explorers @ http://localhost:8080/postscript.js:0
[   63214ms] [LOG] [Explorer] Starting tree build... @ http://localhost:8080/postscript.js:0
[   63214ms] [LOG] [Explorer] Fetching content index... @ http://localhost:8080/postscript.js:0
[   63244ms] [LOG] [Explorer] Fetched data keys: [index, linux, tags/linux, tags/命令, tags/index] @ http://localhost:8080/postscript.js:0
[   63244ms] [LOG] [Explorer] Entry count: 5 @ http://localhost:8080/postscript.js:0
[   63244ms] [LOG] [Explorer] Trie root children: 2 @ http://localhost:8080/postscript.js:0
[   63251ms] [LOG] [Explorer] Render generation is current, rendering tree @ http://localhost:8080/postscript.js:0
[   63251ms] [LOG] [Explorer] Trie result: success @ http://localhost:8080/postscript.js:0
[   63251ms] [LOG] [Explorer] Rendering 1 children @ http://localhost:8080/postscript.js:0
[   63251ms] [LOG] [Explorer] Render complete, final list length: 2 @ http://localhost:8080/postscript.js:0
[   63736ms] [LOG] [Explorer] Nav event received, generation: 1 @ http://localhost:8080/postscript.js:0
[   63736ms] [LOG] [Explorer] Found 1 explorers @ http://localhost:8080/postscript.js:0
[   63736ms] [LOG] [Explorer] Starting tree build... @ http://localhost:8080/postscript.js:0
[   63736ms] [LOG] [Explorer] Fetching content index... @ http://localhost:8080/postscript.js:0
[   63774ms] [LOG] [Explorer] Fetched data keys: [index, linux, tags/linux, tags/命令, tags/index] @ http://localhost:8080/postscript.js:0
[   63774ms] [LOG] [Explorer] Entry count: 5 @ http://localhost:8080/postscript.js:0
[   63774ms] [LOG] [Explorer] Trie root children: 2 @ http://localhost:8080/postscript.js:0
[   63782ms] [LOG] [Explorer] Render generation is current, rendering tree @ http://localhost:8080/postscript.js:0
[   63782ms] [LOG] [Explorer] Trie result: success @ http://localhost:8080/postscript.js:0
[   63782ms] [LOG] [Explorer] Rendering 1 children @ http://localhost:8080/postscript.js:0
[   63782ms] [LOG] [Explorer] Render complete, final list length: 2 @ http://localhost:8080/postscript.js:0
[   64280ms] [LOG] [Explorer] Nav event received, generation: 1 @ http://localhost:8080/postscript.js:0
[   64281ms] [LOG] [Explorer] Found 1 explorers @ http://localhost:8080/postscript.js:0
[   64281ms] [LOG] [Explorer] Starting tree build... @ http://localhost:8080/postscript.js:0
[   64281ms] [LOG] [Explorer] Fetching content index... @ http://localhost:8080/postscript.js:0
[   64309ms] [LOG] [Explorer] Fetched data keys: [index, linux, tags/linux, tags/命令, tags/index] @ http://localhost:8080/postscript.js:0
[   64310ms] [LOG] [Explorer] Entry count: 5 @ http://localhost:8080/postscript.js:0
[   64310ms] [LOG] [Explorer] Trie root children: 2 @ http://localhost:8080/postscript.js:0
[   64317ms] [LOG] [Explorer] Render generation is current, rendering tree @ http://localhost:8080/postscript.js:0
[   64317ms] [LOG] [Explorer] Trie result: success @ http://localhost:8080/postscript.js:0
[   64317ms] [LOG] [Explorer] Rendering 1 children @ http://localhost:8080/postscript.js:0
[   64317ms] [LOG] [Explorer] Render complete, final list length: 2 @ http://localhost:8080/postscript.js:0
[   64823ms] [LOG] [Explorer] Nav event received, generation: 1 @ http://localhost:8080/postscript.js:0
[   64823ms] [LOG] [Explorer] Found 1 explorers @ http://localhost:8080/postscript.js:0
[   64823ms] [LOG] [Explorer] Starting tree build... @ http://localhost:8080/postscript.js:0
[   64823ms] [LOG] [Explorer] Fetching content index... @ http://localhost:8080/postscript.js:0
[   64839ms] [LOG] [Explorer] Fetched data keys: [index, linux, tags/linux, tags/命令, tags/index] @ http://localhost:8080/postscript.js:0
[   64839ms] [LOG] [Explorer] Entry count: 5 @ http://localhost:8080/postscript.js:0
[   64839ms] [LOG] [Explorer] Trie root children: 2 @ http://localhost:8080/postscript.js:0
[   64847ms] [LOG] [Explorer] Render generation is current, rendering tree @ http://localhost:8080/postscript.js:0
[   64847ms] [LOG] [Explorer] Trie result: success @ http://localhost:8080/postscript.js:0
[   64847ms] [LOG] [Explorer] Rendering 1 children @ http://localhost:8080/postscript.js:0
[   64847ms] [LOG] [Explorer] Render complete, final list length: 2 @ http://localhost:8080/postscript.js:0
[   65355ms] [LOG] [Explorer] Nav event received, generation: 1 @ http://localhost:8080/postscript.js:0
[   65355ms] [LOG] [Explorer] Found 1 explorers @ http://localhost:8080/postscript.js:0
[   65355ms] [LOG] [Explorer] Starting tree build... @ http://localhost:8080/postscript.js:0
[   65355ms] [LOG] [Explorer] Fetching content index... @ http://localhost:8080/postscript.js:0
[   65385ms] [LOG] [Explorer] Fetched data keys: [index, linux, tags/linux, tags/命令, tags/index] @ http://localhost:8080/postscript.js:0
[   65385ms] [LOG] [Explorer] Entry count: 5 @ http://localhost:8080/postscript.js:0
[   65385ms] [LOG] [Explorer] Trie root children: 2 @ http://localhost:8080/postscript.js:0
[   65392ms] [LOG] [Explorer] Render generation is current, rendering tree @ http://localhost:8080/postscript.js:0
[   65392ms] [LOG] [Explorer] Trie result: success @ http://localhost:8080/postscript.js:0
[   65392ms] [LOG] [Explorer] Rendering 1 children @ http://localhost:8080/postscript.js:0
[   65393ms] [LOG] [Explorer] Render complete, final list length: 2 @ http://localhost:8080/postscript.js:0
[   65903ms] [LOG] [Explorer] Nav event received, generation: 1 @ http://localhost:8080/postscript.js:0
[   65904ms] [LOG] [Explorer] Found 1 explorers @ http://localhost:8080/postscript.js:0
[   65904ms] [LOG] [Explorer] Starting tree build... @ http://localhost:8080/postscript.js:0
[   65904ms] [LOG] [Explorer] Fetching content index... @ http://localhost:8080/postscript.js:0
[   65928ms] [LOG] [Explorer] Fetched data keys: [index, linux, tags/linux, tags/命令, tags/index] @ http://localhost:8080/postscript.js:0
[   65928ms] [LOG] [Explorer] Entry count: 5 @ http://localhost:8080/postscript.js:0
[   65928ms] [LOG] [Explorer] Trie root children: 2 @ http://localhost:8080/postscript.js:0
[   65936ms] [LOG] [Explorer] Render generation is current, rendering tree @ http://localhost:8080/postscript.js:0
[   65936ms] [LOG] [Explorer] Trie result: success @ http://localhost:8080/postscript.js:0
[   65936ms] [LOG] [Explorer] Rendering 1 children @ http://localhost:8080/postscript.js:0
[   65936ms] [LOG] [Explorer] Render complete, final list length: 2 @ http://localhost:8080/postscript.js:0
[   66447ms] [LOG] [Explorer] Nav event received, generation: 1 @ http://localhost:8080/postscript.js:0
[   66447ms] [LOG] [Explorer] Found 1 explorers @ http://localhost:8080/postscript.js:0
[   66448ms] [LOG] [Explorer] Starting tree build... @ http://localhost:8080/postscript.js:0
[   66448ms] [LOG] [Explorer] Fetching content index... @ http://localhost:8080/postscript.js:0
[   66472ms] [LOG] [Explorer] Fetched data keys: [index, linux, tags/linux, tags/命令, tags/index] @ http://localhost:8080/postscript.js:0
[   66472ms] [LOG] [Explorer] Entry count: 5 @ http://localhost:8080/postscript.js:0
[   66472ms] [LOG] [Explorer] Trie root children: 2 @ http://localhost:8080/postscript.js:0
[   66480ms] [LOG] [Explorer] Render generation is current, rendering tree @ http://localhost:8080/postscript.js:0
[   66480ms] [LOG] [Explorer] Trie result: success @ http://localhost:8080/postscript.js:0
[   66480ms] [LOG] [Explorer] Rendering 1 children @ http://localhost:8080/postscript.js:0
[   66480ms] [LOG] [Explorer] Render complete, final list length: 2 @ http://localhost:8080/postscript.js:0
[   67002ms] [LOG] [Explorer] Nav event received, generation: 1 @ http://localhost:8080/postscript.js:0
[   67002ms] [LOG] [Explorer] Found 1 explorers @ http://localhost:8080/postscript.js:0
[   67002ms] [LOG] [Explorer] Starting tree build... @ http://localhost:8080/postscript.js:0
[   67002ms] [LOG] [Explorer] Fetching content index... @ http://localhost:8080/postscript.js:0
[   67032ms] [LOG] [Explorer] Fetched data keys: [index, linux, tags/linux, tags/命令, tags/index] @ http://localhost:8080/postscript.js:0
[   67032ms] [LOG] [Explorer] Entry count: 5 @ http://localhost:8080/postscript.js:0
[   67032ms] [LOG] [Explorer] Trie root children: 2 @ http://localhost:8080/postscript.js:0
[   67040ms] [LOG] [Explorer] Render generation is current, rendering tree @ http://localhost:8080/postscript.js:0
[   67040ms] [LOG] [Explorer] Trie result: success @ http://localhost:8080/postscript.js:0
[   67040ms] [LOG] [Explorer] Rendering 1 children @ http://localhost:8080/postscript.js:0
[   67041ms] [LOG] [Explorer] Render complete, final list length: 2 @ http://localhost:8080/postscript.js:0
[   67556ms] [LOG] [Explorer] Nav event received, generation: 1 @ http://localhost:8080/postscript.js:0
[   67556ms] [LOG] [Explorer] Found 1 explorers @ http://localhost:8080/postscript.js:0
[   67556ms] [LOG] [Explorer] Starting tree build... @ http://localhost:8080/postscript.js:0
[   67556ms] [LOG] [Explorer] Fetching content index... @ http://localhost:8080/postscript.js:0
[   67585ms] [LOG] [Explorer] Fetched data keys: [index, linux, tags/linux, tags/命令, tags/index] @ http://localhost:8080/postscript.js:0
[   67585ms] [LOG] [Explorer] Entry count: 5 @ http://localhost:8080/postscript.js:0
[   67586ms] [LOG] [Explorer] Trie root children: 2 @ http://localhost:8080/postscript.js:0
[   67593ms] [LOG] [Explorer] Render generation is current, rendering tree @ http://localhost:8080/postscript.js:0
[   67593ms] [LOG] [Explorer] Trie result: success @ http://localhost:8080/postscript.js:0
[   67593ms] [LOG] [Explorer] Rendering 1 children @ http://localhost:8080/postscript.js:0
[   67593ms] [LOG] [Explorer] Render complete, final list length: 2 @ http://localhost:8080/postscript.js:0
[   68097ms] [LOG] [Explorer] Nav event received, generation: 1 @ http://localhost:8080/postscript.js:0
[   68097ms] [LOG] [Explorer] Found 1 explorers @ http://localhost:8080/postscript.js:0
[   68097ms] [LOG] [Explorer] Starting tree build... @ http://localhost:8080/postscript.js:0
[   68097ms] [LOG] [Explorer] Fetching content index... @ http://localhost:8080/postscript.js:0
[   68121ms] [LOG] [Explorer] Fetched data keys: [index, linux, tags/linux, tags/命令, tags/index] @ http://localhost:8080/postscript.js:0
[   68121ms] [LOG] [Explorer] Entry count: 5 @ http://localhost:8080/postscript.js:0
[   68122ms] [LOG] [Explorer] Trie root children: 2 @ http://localhost:8080/postscript.js:0
[   68129ms] [LOG] [Explorer] Render generation is current, rendering tree @ http://localhost:8080/postscript.js:0
[   68129ms] [LOG] [Explorer] Trie result: success @ http://localhost:8080/postscript.js:0
[   68129ms] [LOG] [Explorer] Rendering 1 children @ http://localhost:8080/postscript.js:0
[   68129ms] [LOG] [Explorer] Render complete, final list length: 2 @ http://localhost:8080/postscript.js:0
[   68637ms] [LOG] [Explorer] Nav event received, generation: 1 @ http://localhost:8080/postscript.js:0
[   68637ms] [LOG] [Explorer] Found 1 explorers @ http://localhost:8080/postscript.js:0
[   68637ms] [LOG] [Explorer] Starting tree build... @ http://localhost:8080/postscript.js:0
[   68637ms] [LOG] [Explorer] Fetching content index... @ http://localhost:8080/postscript.js:0
[   68663ms] [LOG] [Explorer] Fetched data keys: [index, linux, tags/linux, tags/命令, tags/index] @ http://localhost:8080/postscript.js:0
[   68663ms] [LOG] [Explorer] Entry count: 5 @ http://localhost:8080/postscript.js:0
[   68664ms] [LOG] [Explorer] Trie root children: 2 @ http://localhost:8080/postscript.js:0
[   68671ms] [LOG] [Explorer] Render generation is current, rendering tree @ http://localhost:8080/postscript.js:0
[   68671ms] [LOG] [Explorer] Trie result: success @ http://localhost:8080/postscript.js:0
[   68671ms] [LOG] [Explorer] Rendering 1 children @ http://localhost:8080/postscript.js:0
[   68671ms] [LOG] [Explorer] Render complete, final list length: 2 @ http://localhost:8080/postscript.js:0
[   69175ms] [LOG] [Explorer] Nav event received, generation: 1 @ http://localhost:8080/postscript.js:0
[   69175ms] [LOG] [Explorer] Found 1 explorers @ http://localhost:8080/postscript.js:0
[   69175ms] [LOG] [Explorer] Starting tree build... @ http://localhost:8080/postscript.js:0
[   69175ms] [LOG] [Explorer] Fetching content index... @ http://localhost:8080/postscript.js:0
[   69199ms] [LOG] [Explorer] Fetched data keys: [index, linux, tags/linux, tags/命令, tags/index] @ http://localhost:8080/postscript.js:0
[   69200ms] [LOG] [Explorer] Entry count: 5 @ http://localhost:8080/postscript.js:0
[   69200ms] [LOG] [Explorer] Trie root children: 2 @ http://localhost:8080/postscript.js:0
[   69207ms] [LOG] [Explorer] Render generation is current, rendering tree @ http://localhost:8080/postscript.js:0
[   69207ms] [LOG] [Explorer] Trie result: success @ http://localhost:8080/postscript.js:0
[   69207ms] [LOG] [Explorer] Rendering 1 children @ http://localhost:8080/postscript.js:0
[   69207ms] [LOG] [Explorer] Render complete, final list length: 2 @ http://localhost:8080/postscript.js:0
[   69713ms] [LOG] [Explorer] Nav event received, generation: 1 @ http://localhost:8080/postscript.js:0
[   69713ms] [LOG] [Explorer] Found 1 explorers @ http://localhost:8080/postscript.js:0
[   69713ms] [LOG] [Explorer] Starting tree build... @ http://localhost:8080/postscript.js:0
[   69713ms] [LOG] [Explorer] Fetching content index... @ http://localhost:8080/postscript.js:0
[   69737ms] [LOG] [Explorer] Fetched data keys: [index, linux, tags/linux, tags/命令, tags/index] @ http://localhost:8080/postscript.js:0
[   69737ms] [LOG] [Explorer] Entry count: 5 @ http://localhost:8080/postscript.js:0
[   69737ms] [LOG] [Explorer] Trie root children: 2 @ http://localhost:8080/postscript.js:0
[   69746ms] [LOG] [Explorer] Render generation is current, rendering tree @ http://localhost:8080/postscript.js:0
[   69747ms] [LOG] [Explorer] Trie result: success @ http://localhost:8080/postscript.js:0
[   69747ms] [LOG] [Explorer] Rendering 1 children @ http://localhost:8080/postscript.js:0
[   69747ms] [LOG] [Explorer] Render complete, final list length: 2 @ http://localhost:8080/postscript.js:0
[   70246ms] [LOG] [Explorer] Nav event received, generation: 1 @ http://localhost:8080/postscript.js:0
[   70246ms] [LOG] [Explorer] Found 1 explorers @ http://localhost:8080/postscript.js:0
[   70246ms] [LOG] [Explorer] Starting tree build... @ http://localhost:8080/postscript.js:0
[   70247ms] [LOG] [Explorer] Fetching content index... @ http://localhost:8080/postscript.js:0
[   70280ms] [LOG] [Explorer] Fetched data keys: [index, linux, tags/linux, tags/命令, tags/index] @ http://localhost:8080/postscript.js:0
[   70280ms] [LOG] [Explorer] Entry count: 5 @ http://localhost:8080/postscript.js:0
[   70280ms] [LOG] [Explorer] Trie root children: 2 @ http://localhost:8080/postscript.js:0
[   70288ms] [LOG] [Explorer] Render generation is current, rendering tree @ http://localhost:8080/postscript.js:0
[   70288ms] [LOG] [Explorer] Trie result: success @ http://localhost:8080/postscript.js:0
[   70288ms] [LOG] [Explorer] Rendering 1 children @ http://localhost:8080/postscript.js:0
[   70289ms] [LOG] [Explorer] Render complete, final list length: 2 @ http://localhost:8080/postscript.js:0
[   70792ms] [LOG] [Explorer] Nav event received, generation: 1 @ http://localhost:8080/postscript.js:0
[   70792ms] [LOG] [Explorer] Found 1 explorers @ http://localhost:8080/postscript.js:0
[   70792ms] [LOG] [Explorer] Starting tree build... @ http://localhost:8080/postscript.js:0
[   70792ms] [LOG] [Explorer] Fetching content index... @ http://localhost:8080/postscript.js:0
[   70817ms] [LOG] [Explorer] Fetched data keys: [index, linux, tags/linux, tags/命令, tags/index] @ http://localhost:8080/postscript.js:0
[   70817ms] [LOG] [Explorer] Entry count: 5 @ http://localhost:8080/postscript.js:0
[   70817ms] [LOG] [Explorer] Trie root children: 2 @ http://localhost:8080/postscript.js:0
[   70824ms] [LOG] [Explorer] Render generation is current, rendering tree @ http://localhost:8080/postscript.js:0
[   70824ms] [LOG] [Explorer] Trie result: success @ http://localhost:8080/postscript.js:0
[   70824ms] [LOG] [Explorer] Rendering 1 children @ http://localhost:8080/postscript.js:0
[   70824ms] [LOG] [Explorer] Render complete, final list length: 2 @ http://localhost:8080/postscript.js:0
[   71332ms] [LOG] [Explorer] Nav event received, generation: 1 @ http://localhost:8080/postscript.js:0
[   71332ms] [LOG] [Explorer] Found 1 explorers @ http://localhost:8080/postscript.js:0
[   71332ms] [LOG] [Explorer] Starting tree build... @ http://localhost:8080/postscript.js:0
[   71332ms] [LOG] [Explorer] Fetching content index... @ http://localhost:8080/postscript.js:0
[   71358ms] [LOG] [Explorer] Fetched data keys: [index, linux, tags/linux, tags/命令, tags/index] @ http://localhost:8080/postscript.js:0
[   71358ms] [LOG] [Explorer] Entry count: 5 @ http://localhost:8080/postscript.js:0
[   71358ms] [LOG] [Explorer] Trie root children: 2 @ http://localhost:8080/postscript.js:0
[   71365ms] [LOG] [Explorer] Render generation is current, rendering tree @ http://localhost:8080/postscript.js:0
[   71365ms] [LOG] [Explorer] Trie result: success @ http://localhost:8080/postscript.js:0
[   71365ms] [LOG] [Explorer] Rendering 1 children @ http://localhost:8080/postscript.js:0
[   71365ms] [LOG] [Explorer] Render complete, final list length: 2 @ http://localhost:8080/postscript.js:0
[   71864ms] [LOG] [Explorer] Nav event received, generation: 1 @ http://localhost:8080/postscript.js:0
[   71864ms] [LOG] [Explorer] Found 1 explorers @ http://localhost:8080/postscript.js:0
[   71864ms] [LOG] [Explorer] Starting tree build... @ http://localhost:8080/postscript.js:0
[   71864ms] [LOG] [Explorer] Fetching content index... @ http://localhost:8080/postscript.js:0
[   71893ms] [LOG] [Explorer] Fetched data keys: [index, linux, tags/linux, tags/命令, tags/index] @ http://localhost:8080/postscript.js:0
[   71893ms] [LOG] [Explorer] Entry count: 5 @ http://localhost:8080/postscript.js:0
[   71893ms] [LOG] [Explorer] Trie root children: 2 @ http://localhost:8080/postscript.js:0
[   71901ms] [LOG] [Explorer] Render generation is current, rendering tree @ http://localhost:8080/postscript.js:0
[   71901ms] [LOG] [Explorer] Trie result: success @ http://localhost:8080/postscript.js:0
[   71901ms] [LOG] [Explorer] Rendering 1 children @ http://localhost:8080/postscript.js:0
[   71902ms] [LOG] [Explorer] Render complete, final list length: 2 @ http://localhost:8080/postscript.js:0
[   72391ms] [LOG] [Explorer] Nav event received, generation: 1 @ http://localhost:8080/postscript.js:0
[   72392ms] [LOG] [Explorer] Found 1 explorers @ http://localhost:8080/postscript.js:0
[   72392ms] [LOG] [Explorer] Starting tree build... @ http://localhost:8080/postscript.js:0
[   72392ms] [LOG] [Explorer] Fetching content index... @ http://localhost:8080/postscript.js:0
[   72415ms] [LOG] [Explorer] Fetched data keys: [index, linux, tags/linux, tags/命令, tags/index] @ http://localhost:8080/postscript.js:0
[   72415ms] [LOG] [Explorer] Entry count: 5 @ http://localhost:8080/postscript.js:0
[   72415ms] [LOG] [Explorer] Trie root children: 2 @ http://localhost:8080/postscript.js:0
[   72422ms] [LOG] [Explorer] Render generation is current, rendering tree @ http://localhost:8080/postscript.js:0
[   72422ms] [LOG] [Explorer] Trie result: success @ http://localhost:8080/postscript.js:0
[   72422ms] [LOG] [Explorer] Rendering 1 children @ http://localhost:8080/postscript.js:0
[   72423ms] [LOG] [Explorer] Render complete, final list length: 2 @ http://localhost:8080/postscript.js:0
[   72922ms] [LOG] [Explorer] Nav event received, generation: 1 @ http://localhost:8080/postscript.js:0
[   72923ms] [LOG] [Explorer] Found 1 explorers @ http://localhost:8080/postscript.js:0
[   72923ms] [LOG] [Explorer] Starting tree build... @ http://localhost:8080/postscript.js:0
[   72923ms] [LOG] [Explorer] Fetching content index... @ http://localhost:8080/postscript.js:0
[   72951ms] [LOG] [Explorer] Fetched data keys: [index, linux, tags/linux, tags/命令, tags/index] @ http://localhost:8080/postscript.js:0
[   72952ms] [LOG] [Explorer] Entry count: 5 @ http://localhost:8080/postscript.js:0
[   72952ms] [LOG] [Explorer] Trie root children: 2 @ http://localhost:8080/postscript.js:0
[   72959ms] [LOG] [Explorer] Render generation is current, rendering tree @ http://localhost:8080/postscript.js:0
[   72959ms] [LOG] [Explorer] Trie result: success @ http://localhost:8080/postscript.js:0
[   72960ms] [LOG] [Explorer] Rendering 1 children @ http://localhost:8080/postscript.js:0
[   72960ms] [LOG] [Explorer] Render complete, final list length: 2 @ http://localhost:8080/postscript.js:0
[   73488ms] [LOG] [Explorer] Nav event received, generation: 1 @ http://localhost:8080/postscript.js:0
[   73488ms] [LOG] [Explorer] Found 1 explorers @ http://localhost:8080/postscript.js:0
[   73488ms] [LOG] [Explorer] Starting tree build... @ http://localhost:8080/postscript.js:0
[   73488ms] [LOG] [Explorer] Fetching content index... @ http://localhost:8080/postscript.js:0
[   73510ms] [LOG] [Explorer] Fetched data keys: [index, linux, tags/linux, tags/命令, tags/index] @ http://localhost:8080/postscript.js:0
[   73510ms] [LOG] [Explorer] Entry count: 5 @ http://localhost:8080/postscript.js:0
[   73510ms] [LOG] [Explorer] Trie root children: 2 @ http://localhost:8080/postscript.js:0
[   73519ms] [LOG] [Explorer] Render generation is current, rendering tree @ http://localhost:8080/postscript.js:0
[   73519ms] [LOG] [Explorer] Trie result: success @ http://localhost:8080/postscript.js:0
[   73519ms] [LOG] [Explorer] Rendering 1 children @ http://localhost:8080/postscript.js:0
[   73519ms] [LOG] [Explorer] Render complete, final list length: 2 @ http://localhost:8080/postscript.js:0
[   74027ms] [LOG] [Explorer] Nav event received, generation: 1 @ http://localhost:8080/postscript.js:0
[   74027ms] [LOG] [Explorer] Found 1 explorers @ http://localhost:8080/postscript.js:0
[   74027ms] [LOG] [Explorer] Starting tree build... @ http://localhost:8080/postscript.js:0
[   74027ms] [LOG] [Explorer] Fetching content index... @ http://localhost:8080/postscript.js:0
[   74056ms] [LOG] [Explorer] Fetched data keys: [index, linux, tags/linux, tags/命令, tags/index] @ http://localhost:8080/postscript.js:0
[   74056ms] [LOG] [Explorer] Entry count: 5 @ http://localhost:8080/postscript.js:0
[   74056ms] [LOG] [Explorer] Trie root children: 2 @ http://localhost:8080/postscript.js:0
[   74063ms] [LOG] [Explorer] Render generation is current, rendering tree @ http://localhost:8080/postscript.js:0
[   74063ms] [LOG] [Explorer] Trie result: success @ http://localhost:8080/postscript.js:0
[   74063ms] [LOG] [Explorer] Rendering 1 children @ http://localhost:8080/postscript.js:0
[   74063ms] [LOG] [Explorer] Render complete, final list length: 2 @ http://localhost:8080/postscript.js:0
[   74556ms] [LOG] [Explorer] Nav event received, generation: 1 @ http://localhost:8080/postscript.js:0
[   74557ms] [LOG] [Explorer] Found 1 explorers @ http://localhost:8080/postscript.js:0
[   74557ms] [LOG] [Explorer] Starting tree build... @ http://localhost:8080/postscript.js:0
[   74557ms] [LOG] [Explorer] Fetching content index... @ http://localhost:8080/postscript.js:0
[   74584ms] [LOG] [Explorer] Fetched data keys: [index, linux, tags/linux, tags/命令, tags/index] @ http://localhost:8080/postscript.js:0
[   74584ms] [LOG] [Explorer] Entry count: 5 @ http://localhost:8080/postscript.js:0
[   74584ms] [LOG] [Explorer] Trie root children: 2 @ http://localhost:8080/postscript.js:0
[   74591ms] [LOG] [Explorer] Render generation is current, rendering tree @ http://localhost:8080/postscript.js:0
[   74591ms] [LOG] [Explorer] Trie result: success @ http://localhost:8080/postscript.js:0
[   74592ms] [LOG] [Explorer] Rendering 1 children @ http://localhost:8080/postscript.js:0
[   74592ms] [LOG] [Explorer] Render complete, final list length: 2 @ http://localhost:8080/postscript.js:0
[   75097ms] [LOG] [Explorer] Nav event received, generation: 1 @ http://localhost:8080/postscript.js:0
[   75097ms] [LOG] [Explorer] Found 1 explorers @ http://localhost:8080/postscript.js:0
[   75097ms] [LOG] [Explorer] Starting tree build... @ http://localhost:8080/postscript.js:0
[   75097ms] [LOG] [Explorer] Fetching content index... @ http://localhost:8080/postscript.js:0
[   75124ms] [LOG] [Explorer] Fetched data keys: [index, linux, tags/linux, tags/命令, tags/index] @ http://localhost:8080/postscript.js:0
[   75125ms] [LOG] [Explorer] Entry count: 5 @ http://localhost:8080/postscript.js:0
[   75125ms] [LOG] [Explorer] Trie root children: 2 @ http://localhost:8080/postscript.js:0
[   75132ms] [LOG] [Explorer] Render generation is current, rendering tree @ http://localhost:8080/postscript.js:0
[   75132ms] [LOG] [Explorer] Trie result: success @ http://localhost:8080/postscript.js:0
[   75132ms] [LOG] [Explorer] Rendering 1 children @ http://localhost:8080/postscript.js:0
[   75132ms] [LOG] [Explorer] Render complete, final list length: 2 @ http://localhost:8080/postscript.js:0
[   75637ms] [LOG] [Explorer] Nav event received, generation: 1 @ http://localhost:8080/postscript.js:0
[   75637ms] [LOG] [Explorer] Found 1 explorers @ http://localhost:8080/postscript.js:0
[   75638ms] [LOG] [Explorer] Starting tree build... @ http://localhost:8080/postscript.js:0
[   75638ms] [LOG] [Explorer] Fetching content index... @ http://localhost:8080/postscript.js:0
[   75662ms] [LOG] [Explorer] Fetched data keys: [index, linux, tags/linux, tags/命令, tags/index] @ http://localhost:8080/postscript.js:0
[   75662ms] [LOG] [Explorer] Entry count: 5 @ http://localhost:8080/postscript.js:0
[   75662ms] [LOG] [Explorer] Trie root children: 2 @ http://localhost:8080/postscript.js:0
[   75669ms] [LOG] [Explorer] Render generation is current, rendering tree @ http://localhost:8080/postscript.js:0
[   75669ms] [LOG] [Explorer] Trie result: success @ http://localhost:8080/postscript.js:0
[   75669ms] [LOG] [Explorer] Rendering 1 children @ http://localhost:8080/postscript.js:0
[   75669ms] [LOG] [Explorer] Render complete, final list length: 2 @ http://localhost:8080/postscript.js:0
[   76177ms] [LOG] [Explorer] Nav event received, generation: 1 @ http://localhost:8080/postscript.js:0
[   76178ms] [LOG] [Explorer] Found 1 explorers @ http://localhost:8080/postscript.js:0
[   76178ms] [LOG] [Explorer] Starting tree build... @ http://localhost:8080/postscript.js:0
[   76178ms] [LOG] [Explorer] Fetching content index... @ http://localhost:8080/postscript.js:0
[   76204ms] [LOG] [Explorer] Fetched data keys: [index, linux, tags/linux, tags/命令, tags/index] @ http://localhost:8080/postscript.js:0
[   76204ms] [LOG] [Explorer] Entry count: 5 @ http://localhost:8080/postscript.js:0
[   76204ms] [LOG] [Explorer] Trie root children: 2 @ http://localhost:8080/postscript.js:0
[   76212ms] [LOG] [Explorer] Render generation is current, rendering tree @ http://localhost:8080/postscript.js:0
[   76213ms] [LOG] [Explorer] Trie result: success @ http://localhost:8080/postscript.js:0
[   76213ms] [LOG] [Explorer] Rendering 1 children @ http://localhost:8080/postscript.js:0
[   76213ms] [LOG] [Explorer] Render complete, final list length: 2 @ http://localhost:8080/postscript.js:0
[   76746ms] [LOG] [Explorer] Nav event received, generation: 1 @ http://localhost:8080/postscript.js:0
[   76746ms] [LOG] [Explorer] Found 1 explorers @ http://localhost:8080/postscript.js:0
[   76746ms] [LOG] [Explorer] Starting tree build... @ http://localhost:8080/postscript.js:0
[   76746ms] [LOG] [Explorer] Fetching content index... @ http://localhost:8080/postscript.js:0
[   76769ms] [LOG] [Explorer] Fetched data keys: [index, linux, tags/linux, tags/命令, tags/index] @ http://localhost:8080/postscript.js:0
[   76769ms] [LOG] [Explorer] Entry count: 5 @ http://localhost:8080/postscript.js:0
[   76769ms] [LOG] [Explorer] Trie root children: 2 @ http://localhost:8080/postscript.js:0
[   76776ms] [LOG] [Explorer] Render generation is current, rendering tree @ http://localhost:8080/postscript.js:0
[   76776ms] [LOG] [Explorer] Trie result: success @ http://localhost:8080/postscript.js:0
[   76776ms] [LOG] [Explorer] Rendering 1 children @ http://localhost:8080/postscript.js:0
[   76776ms] [LOG] [Explorer] Render complete, final list length: 2 @ http://localhost:8080/postscript.js:0
[   77291ms] [LOG] [Explorer] Nav event received, generation: 1 @ http://localhost:8080/postscript.js:0
[   77291ms] [LOG] [Explorer] Found 1 explorers @ http://localhost:8080/postscript.js:0
[   77291ms] [LOG] [Explorer] Starting tree build... @ http://localhost:8080/postscript.js:0
[   77291ms] [LOG] [Explorer] Fetching content index... @ http://localhost:8080/postscript.js:0
[   77322ms] [LOG] [Explorer] Fetched data keys: [index, linux, tags/linux, tags/命令, tags/index] @ http://localhost:8080/postscript.js:0
[   77322ms] [LOG] [Explorer] Entry count: 5 @ http://localhost:8080/postscript.js:0
[   77322ms] [LOG] [Explorer] Trie root children: 2 @ http://localhost:8080/postscript.js:0
[   77329ms] [LOG] [Explorer] Render generation is current, rendering tree @ http://localhost:8080/postscript.js:0
[   77329ms] [LOG] [Explorer] Trie result: success @ http://localhost:8080/postscript.js:0
[   77329ms] [LOG] [Explorer] Rendering 1 children @ http://localhost:8080/postscript.js:0
[   77329ms] [LOG] [Explorer] Render complete, final list length: 2 @ http://localhost:8080/postscript.js:0
[   77834ms] [LOG] [Explorer] Nav event received, generation: 1 @ http://localhost:8080/postscript.js:0
[   77835ms] [LOG] [Explorer] Found 1 explorers @ http://localhost:8080/postscript.js:0
[   77835ms] [LOG] [Explorer] Starting tree build... @ http://localhost:8080/postscript.js:0
[   77835ms] [LOG] [Explorer] Fetching content index... @ http://localhost:8080/postscript.js:0
[   77867ms] [LOG] [Explorer] Fetched data keys: [index, linux, tags/linux, tags/命令, tags/index] @ http://localhost:8080/postscript.js:0
[   77867ms] [LOG] [Explorer] Entry count: 5 @ http://localhost:8080/postscript.js:0
[   77867ms] [LOG] [Explorer] Trie root children: 2 @ http://localhost:8080/postscript.js:0
[   77874ms] [LOG] [Explorer] Render generation is current, rendering tree @ http://localhost:8080/postscript.js:0
[   77874ms] [LOG] [Explorer] Trie result: success @ http://localhost:8080/postscript.js:0
[   77874ms] [LOG] [Explorer] Rendering 1 children @ http://localhost:8080/postscript.js:0
[   77874ms] [LOG] [Explorer] Render complete, final list length: 2 @ http://localhost:8080/postscript.js:0
[   78378ms] [LOG] [Explorer] Nav event received, generation: 1 @ http://localhost:8080/postscript.js:0
[   78379ms] [LOG] [Explorer] Found 1 explorers @ http://localhost:8080/postscript.js:0
[   78379ms] [LOG] [Explorer] Starting tree build... @ http://localhost:8080/postscript.js:0
[   78379ms] [LOG] [Explorer] Fetching content index... @ http://localhost:8080/postscript.js:0
[   78405ms] [LOG] [Explorer] Fetched data keys: [index, linux, tags/linux, tags/命令, tags/index] @ http://localhost:8080/postscript.js:0
[   78405ms] [LOG] [Explorer] Entry count: 5 @ http://localhost:8080/postscript.js:0
[   78405ms] [LOG] [Explorer] Trie root children: 2 @ http://localhost:8080/postscript.js:0
[   78413ms] [LOG] [Explorer] Render generation is current, rendering tree @ http://localhost:8080/postscript.js:0
[   78413ms] [LOG] [Explorer] Trie result: success @ http://localhost:8080/postscript.js:0
[   78413ms] [LOG] [Explorer] Rendering 1 children @ http://localhost:8080/postscript.js:0
[   78413ms] [LOG] [Explorer] Render complete, final list length: 2 @ http://localhost:8080/postscript.js:0
[   78960ms] [LOG] [Explorer] Nav event received, generation: 1 @ http://localhost:8080/postscript.js:0
[   78960ms] [LOG] [Explorer] Found 1 explorers @ http://localhost:8080/postscript.js:0
[   78960ms] [LOG] [Explorer] Starting tree build... @ http://localhost:8080/postscript.js:0
[   78960ms] [LOG] [Explorer] Fetching content index... @ http://localhost:8080/postscript.js:0
[   78994ms] [LOG] [Explorer] Fetched data keys: [index, linux, tags/linux, tags/命令, tags/index] @ http://localhost:8080/postscript.js:0
[   78995ms] [LOG] [Explorer] Entry count: 5 @ http://localhost:8080/postscript.js:0
[   78995ms] [LOG] [Explorer] Trie root children: 2 @ http://localhost:8080/postscript.js:0
[   79003ms] [LOG] [Explorer] Render generation is current, rendering tree @ http://localhost:8080/postscript.js:0
[   79003ms] [LOG] [Explorer] Trie result: success @ http://localhost:8080/postscript.js:0
[   79003ms] [LOG] [Explorer] Rendering 1 children @ http://localhost:8080/postscript.js:0
[   79004ms] [LOG] [Explorer] Render complete, final list length: 2 @ http://localhost:8080/postscript.js:0
[   79505ms] [LOG] [Explorer] Nav event received, generation: 1 @ http://localhost:8080/postscript.js:0
[   79505ms] [LOG] [Explorer] Found 1 explorers @ http://localhost:8080/postscript.js:0
[   79506ms] [LOG] [Explorer] Starting tree build... @ http://localhost:8080/postscript.js:0
[   79506ms] [LOG] [Explorer] Fetching content index... @ http://localhost:8080/postscript.js:0
[   79520ms] [LOG] [Explorer] Fetched data keys: [index, linux, tags/linux, tags/命令, tags/index] @ http://localhost:8080/postscript.js:0
[   79521ms] [LOG] [Explorer] Entry count: 5 @ http://localhost:8080/postscript.js:0
[   79521ms] [LOG] [Explorer] Trie root children: 2 @ http://localhost:8080/postscript.js:0
[   79527ms] [LOG] [Explorer] Render generation is current, rendering tree @ http://localhost:8080/postscript.js:0
[   79527ms] [LOG] [Explorer] Trie result: success @ http://localhost:8080/postscript.js:0
[   79527ms] [LOG] [Explorer] Rendering 1 children @ http://localhost:8080/postscript.js:0
[   79527ms] [LOG] [Explorer] Render complete, final list length: 2 @ http://localhost:8080/postscript.js:0
[   80070ms] [LOG] [Explorer] Nav event received, generation: 1 @ http://localhost:8080/postscript.js:0
[   80070ms] [LOG] [Explorer] Found 1 explorers @ http://localhost:8080/postscript.js:0
[   80070ms] [LOG] [Explorer] Starting tree build... @ http://localhost:8080/postscript.js:0
[   80070ms] [LOG] [Explorer] Fetching content index... @ http://localhost:8080/postscript.js:0
[   80085ms] [LOG] [Explorer] Fetched data keys: [index, linux, tags/linux, tags/命令, tags/index] @ http://localhost:8080/postscript.js:0
[   80085ms] [LOG] [Explorer] Entry count: 5 @ http://localhost:8080/postscript.js:0
[   80085ms] [LOG] [Explorer] Trie root children: 2 @ http://localhost:8080/postscript.js:0
[   80091ms] [LOG] [Explorer] Render generation is current, rendering tree @ http://localhost:8080/postscript.js:0
[   80091ms] [LOG] [Explorer] Trie result: success @ http://localhost:8080/postscript.js:0
[   80091ms] [LOG] [Explorer] Rendering 1 children @ http://localhost:8080/postscript.js:0
[   80091ms] [LOG] [Explorer] Render complete, final list length: 2 @ http://localhost:8080/postscript.js:0
[   80615ms] [LOG] [Explorer] Nav event received, generation: 1 @ http://localhost:8080/postscript.js:0
[   80616ms] [LOG] [Explorer] Found 1 explorers @ http://localhost:8080/postscript.js:0
[   80616ms] [LOG] [Explorer] Starting tree build... @ http://localhost:8080/postscript.js:0
[   80616ms] [LOG] [Explorer] Fetching content index... @ http://localhost:8080/postscript.js:0
[   80642ms] [LOG] [Explorer] Fetched data keys: [index, linux, tags/linux, tags/命令, tags/index] @ http://localhost:8080/postscript.js:0
[   80642ms] [LOG] [Explorer] Entry count: 5 @ http://localhost:8080/postscript.js:0
[   80642ms] [LOG] [Explorer] Trie root children: 2 @ http://localhost:8080/postscript.js:0
[   80649ms] [LOG] [Explorer] Render generation is current, rendering tree @ http://localhost:8080/postscript.js:0
[   80649ms] [LOG] [Explorer] Trie result: success @ http://localhost:8080/postscript.js:0
[   80649ms] [LOG] [Explorer] Rendering 1 children @ http://localhost:8080/postscript.js:0
[   80650ms] [LOG] [Explorer] Render complete, final list length: 2 @ http://localhost:8080/postscript.js:0
[   81161ms] [LOG] [Explorer] Nav event received, generation: 1 @ http://localhost:8080/postscript.js:0
[   81161ms] [LOG] [Explorer] Found 1 explorers @ http://localhost:8080/postscript.js:0
[   81161ms] [LOG] [Explorer] Starting tree build... @ http://localhost:8080/postscript.js:0
[   81161ms] [LOG] [Explorer] Fetching content index... @ http://localhost:8080/postscript.js:0
[   81186ms] [LOG] [Explorer] Fetched data keys: [index, linux, tags/linux, tags/命令, tags/index] @ http://localhost:8080/postscript.js:0
[   81186ms] [LOG] [Explorer] Entry count: 5 @ http://localhost:8080/postscript.js:0
[   81186ms] [LOG] [Explorer] Trie root children: 2 @ http://localhost:8080/postscript.js:0
[   81194ms] [LOG] [Explorer] Render generation is current, rendering tree @ http://localhost:8080/postscript.js:0
[   81194ms] [LOG] [Explorer] Trie result: success @ http://localhost:8080/postscript.js:0
[   81194ms] [LOG] [Explorer] Rendering 1 children @ http://localhost:8080/postscript.js:0
[   81194ms] [LOG] [Explorer] Render complete, final list length: 2 @ http://localhost:8080/postscript.js:0
[   81713ms] [LOG] [Explorer] Nav event received, generation: 1 @ http://localhost:8080/postscript.js:0
[   81713ms] [LOG] [Explorer] Found 1 explorers @ http://localhost:8080/postscript.js:0
[   81713ms] [LOG] [Explorer] Starting tree build... @ http://localhost:8080/postscript.js:0
[   81713ms] [LOG] [Explorer] Fetching content index... @ http://localhost:8080/postscript.js:0
[   81728ms] [LOG] [Explorer] Fetched data keys: [index, linux, tags/linux, tags/命令, tags/index] @ http://localhost:8080/postscript.js:0
[   81728ms] [LOG] [Explorer] Entry count: 5 @ http://localhost:8080/postscript.js:0
[   81728ms] [LOG] [Explorer] Trie root children: 2 @ http://localhost:8080/postscript.js:0
[   81735ms] [LOG] [Explorer] Render generation is current, rendering tree @ http://localhost:8080/postscript.js:0
[   81735ms] [LOG] [Explorer] Trie result: success @ http://localhost:8080/postscript.js:0
[   81735ms] [LOG] [Explorer] Rendering 1 children @ http://localhost:8080/postscript.js:0
[   81735ms] [LOG] [Explorer] Render complete, final list length: 2 @ http://localhost:8080/postscript.js:0
[   82255ms] [LOG] [Explorer] Nav event received, generation: 1 @ http://localhost:8080/postscript.js:0
[   82256ms] [LOG] [Explorer] Found 1 explorers @ http://localhost:8080/postscript.js:0
[   82256ms] [LOG] [Explorer] Starting tree build... @ http://localhost:8080/postscript.js:0
[   82256ms] [LOG] [Explorer] Fetching content index... @ http://localhost:8080/postscript.js:0
[   82280ms] [LOG] [Explorer] Fetched data keys: [index, linux, tags/linux, tags/命令, tags/index] @ http://localhost:8080/postscript.js:0
[   82281ms] [LOG] [Explorer] Entry count: 5 @ http://localhost:8080/postscript.js:0
[   82281ms] [LOG] [Explorer] Trie root children: 2 @ http://localhost:8080/postscript.js:0
[   82288ms] [LOG] [Explorer] Render generation is current, rendering tree @ http://localhost:8080/postscript.js:0
[   82288ms] [LOG] [Explorer] Trie result: success @ http://localhost:8080/postscript.js:0
[   82288ms] [LOG] [Explorer] Rendering 1 children @ http://localhost:8080/postscript.js:0
[   82288ms] [LOG] [Explorer] Render complete, final list length: 2 @ http://localhost:8080/postscript.js:0
[   82813ms] [LOG] [Explorer] Nav event received, generation: 1 @ http://localhost:8080/postscript.js:0
[   82813ms] [LOG] [Explorer] Found 1 explorers @ http://localhost:8080/postscript.js:0
[   82813ms] [LOG] [Explorer] Starting tree build... @ http://localhost:8080/postscript.js:0
[   82813ms] [LOG] [Explorer] Fetching content index... @ http://localhost:8080/postscript.js:0
[   82842ms] [LOG] [Explorer] Fetched data keys: [index, linux, tags/linux, tags/命令, tags/index] @ http://localhost:8080/postscript.js:0
[   82842ms] [LOG] [Explorer] Entry count: 5 @ http://localhost:8080/postscript.js:0
[   82842ms] [LOG] [Explorer] Trie root children: 2 @ http://localhost:8080/postscript.js:0
[   82850ms] [LOG] [Explorer] Render generation is current, rendering tree @ http://localhost:8080/postscript.js:0
[   82850ms] [LOG] [Explorer] Trie result: success @ http://localhost:8080/postscript.js:0
[   82850ms] [LOG] [Explorer] Rendering 1 children @ http://localhost:8080/postscript.js:0
[   82850ms] [LOG] [Explorer] Render complete, final list length: 2 @ http://localhost:8080/postscript.js:0
[   83350ms] [LOG] [Explorer] Nav event received, generation: 1 @ http://localhost:8080/postscript.js:0
[   83350ms] [LOG] [Explorer] Found 1 explorers @ http://localhost:8080/postscript.js:0
[   83350ms] [LOG] [Explorer] Starting tree build... @ http://localhost:8080/postscript.js:0
[   83350ms] [LOG] [Explorer] Fetching content index... @ http://localhost:8080/postscript.js:0
[   83379ms] [LOG] [Explorer] Fetched data keys: [index, linux, tags/linux, tags/命令, tags/index] @ http://localhost:8080/postscript.js:0
[   83379ms] [LOG] [Explorer] Entry count: 5 @ http://localhost:8080/postscript.js:0
[   83379ms] [LOG] [Explorer] Trie root children: 2 @ http://localhost:8080/postscript.js:0
[   83386ms] [LOG] [Explorer] Render generation is current, rendering tree @ http://localhost:8080/postscript.js:0
[   83386ms] [LOG] [Explorer] Trie result: success @ http://localhost:8080/postscript.js:0
[   83386ms] [LOG] [Explorer] Rendering 1 children @ http://localhost:8080/postscript.js:0
[   83386ms] [LOG] [Explorer] Render complete, final list length: 2 @ http://localhost:8080/postscript.js:0
[   83893ms] [LOG] [Explorer] Nav event received, generation: 1 @ http://localhost:8080/postscript.js:0
[   83893ms] [LOG] [Explorer] Found 1 explorers @ http://localhost:8080/postscript.js:0
[   83893ms] [LOG] [Explorer] Starting tree build... @ http://localhost:8080/postscript.js:0
[   83893ms] [LOG] [Explorer] Fetching content index... @ http://localhost:8080/postscript.js:0
[   83922ms] [LOG] [Explorer] Fetched data keys: [index, linux, tags/linux, tags/命令, tags/index] @ http://localhost:8080/postscript.js:0
[   83922ms] [LOG] [Explorer] Entry count: 5 @ http://localhost:8080/postscript.js:0
[   83922ms] [LOG] [Explorer] Trie root children: 2 @ http://localhost:8080/postscript.js:0
[   83930ms] [LOG] [Explorer] Render generation is current, rendering tree @ http://localhost:8080/postscript.js:0
[   83930ms] [LOG] [Explorer] Trie result: success @ http://localhost:8080/postscript.js:0
[   83930ms] [LOG] [Explorer] Rendering 1 children @ http://localhost:8080/postscript.js:0
[   83930ms] [LOG] [Explorer] Render complete, final list length: 2 @ http://localhost:8080/postscript.js:0
[   84441ms] [LOG] [Explorer] Nav event received, generation: 1 @ http://localhost:8080/postscript.js:0
[   84441ms] [LOG] [Explorer] Found 1 explorers @ http://localhost:8080/postscript.js:0
[   84441ms] [LOG] [Explorer] Starting tree build... @ http://localhost:8080/postscript.js:0
[   84441ms] [LOG] [Explorer] Fetching content index... @ http://localhost:8080/postscript.js:0
[   84468ms] [LOG] [Explorer] Fetched data keys: [index, linux, tags/linux, tags/命令, tags/index] @ http://localhost:8080/postscript.js:0
[   84468ms] [LOG] [Explorer] Entry count: 5 @ http://localhost:8080/postscript.js:0
[   84468ms] [LOG] [Explorer] Trie root children: 2 @ http://localhost:8080/postscript.js:0
[   84475ms] [LOG] [Explorer] Render generation is current, rendering tree @ http://localhost:8080/postscript.js:0
[   84475ms] [LOG] [Explorer] Trie result: success @ http://localhost:8080/postscript.js:0
[   84475ms] [LOG] [Explorer] Rendering 1 children @ http://localhost:8080/postscript.js:0
[   84475ms] [LOG] [Explorer] Render complete, final list length: 2 @ http://localhost:8080/postscript.js:0
[   84979ms] [LOG] [Explorer] Nav event received, generation: 1 @ http://localhost:8080/postscript.js:0
[   84979ms] [LOG] [Explorer] Found 1 explorers @ http://localhost:8080/postscript.js:0
[   84979ms] [LOG] [Explorer] Starting tree build... @ http://localhost:8080/postscript.js:0
[   84979ms] [LOG] [Explorer] Fetching content index... @ http://localhost:8080/postscript.js:0
[   85011ms] [LOG] [Explorer] Fetched data keys: [index, linux, tags/linux, tags/命令, tags/index] @ http://localhost:8080/postscript.js:0
[   85011ms] [LOG] [Explorer] Entry count: 5 @ http://localhost:8080/postscript.js:0
[   85011ms] [LOG] [Explorer] Trie root children: 2 @ http://localhost:8080/postscript.js:0
[   85018ms] [LOG] [Explorer] Render generation is current, rendering tree @ http://localhost:8080/postscript.js:0
[   85018ms] [LOG] [Explorer] Trie result: success @ http://localhost:8080/postscript.js:0
[   85018ms] [LOG] [Explorer] Rendering 1 children @ http://localhost:8080/postscript.js:0
[   85018ms] [LOG] [Explorer] Render complete, final list length: 2 @ http://localhost:8080/postscript.js:0
[   85512ms] [LOG] [Explorer] Nav event received, generation: 1 @ http://localhost:8080/postscript.js:0
[   85512ms] [LOG] [Explorer] Found 1 explorers @ http://localhost:8080/postscript.js:0
[   85512ms] [LOG] [Explorer] Starting tree build... @ http://localhost:8080/postscript.js:0
[   85512ms] [LOG] [Explorer] Fetching content index... @ http://localhost:8080/postscript.js:0
[   85543ms] [LOG] [Explorer] Fetched data keys: [index, linux, tags/linux, tags/命令, tags/index] @ http://localhost:8080/postscript.js:0
[   85543ms] [LOG] [Explorer] Entry count: 5 @ http://localhost:8080/postscript.js:0
[   85543ms] [LOG] [Explorer] Trie root children: 2 @ http://localhost:8080/postscript.js:0
[   85550ms] [LOG] [Explorer] Render generation is current, rendering tree @ http://localhost:8080/postscript.js:0
[   85550ms] [LOG] [Explorer] Trie result: success @ http://localhost:8080/postscript.js:0
[   85550ms] [LOG] [Explorer] Rendering 1 children @ http://localhost:8080/postscript.js:0
[   85550ms] [LOG] [Explorer] Render complete, final list length: 2 @ http://localhost:8080/postscript.js:0
[   86053ms] [LOG] [Explorer] Nav event received, generation: 1 @ http://localhost:8080/postscript.js:0
[   86054ms] [LOG] [Explorer] Found 1 explorers @ http://localhost:8080/postscript.js:0
[   86054ms] [LOG] [Explorer] Starting tree build... @ http://localhost:8080/postscript.js:0
[   86054ms] [LOG] [Explorer] Fetching content index... @ http://localhost:8080/postscript.js:0
[   86078ms] [LOG] [Explorer] Fetched data keys: [index, linux, tags/linux, tags/命令, tags/index] @ http://localhost:8080/postscript.js:0
[   86079ms] [LOG] [Explorer] Entry count: 5 @ http://localhost:8080/postscript.js:0
[   86079ms] [LOG] [Explorer] Trie root children: 2 @ http://localhost:8080/postscript.js:0
[   86085ms] [LOG] [Explorer] Render generation is current, rendering tree @ http://localhost:8080/postscript.js:0
[   86085ms] [LOG] [Explorer] Trie result: success @ http://localhost:8080/postscript.js:0
[   86085ms] [LOG] [Explorer] Rendering 1 children @ http://localhost:8080/postscript.js:0
[   86085ms] [LOG] [Explorer] Render complete, final list length: 2 @ http://localhost:8080/postscript.js:0
[   86598ms] [LOG] [Explorer] Nav event received, generation: 1 @ http://localhost:8080/postscript.js:0
[   86598ms] [LOG] [Explorer] Found 1 explorers @ http://localhost:8080/postscript.js:0
[   86598ms] [LOG] [Explorer] Starting tree build... @ http://localhost:8080/postscript.js:0
[   86598ms] [LOG] [Explorer] Fetching content index... @ http://localhost:8080/postscript.js:0
[   86630ms] [LOG] [Explorer] Fetched data keys: [index, linux, tags/linux, tags/命令, tags/index] @ http://localhost:8080/postscript.js:0
[   86631ms] [LOG] [Explorer] Entry count: 5 @ http://localhost:8080/postscript.js:0
[   86631ms] [LOG] [Explorer] Trie root children: 2 @ http://localhost:8080/postscript.js:0
[   86638ms] [LOG] [Explorer] Render generation is current, rendering tree @ http://localhost:8080/postscript.js:0
[   86638ms] [LOG] [Explorer] Trie result: success @ http://localhost:8080/postscript.js:0
[   86638ms] [LOG] [Explorer] Rendering 1 children @ http://localhost:8080/postscript.js:0
[   86638ms] [LOG] [Explorer] Render complete, final list length: 2 @ http://localhost:8080/postscript.js:0
[   87144ms] [LOG] [Explorer] Nav event received, generation: 1 @ http://localhost:8080/postscript.js:0
[   87144ms] [LOG] [Explorer] Found 1 explorers @ http://localhost:8080/postscript.js:0
[   87144ms] [LOG] [Explorer] Starting tree build... @ http://localhost:8080/postscript.js:0
[   87144ms] [LOG] [Explorer] Fetching content index... @ http://localhost:8080/postscript.js:0
[   87168ms] [LOG] [Explorer] Fetched data keys: [index, linux, tags/linux, tags/命令, tags/index] @ http://localhost:8080/postscript.js:0
[   87168ms] [LOG] [Explorer] Entry count: 5 @ http://localhost:8080/postscript.js:0
[   87168ms] [LOG] [Explorer] Trie root children: 2 @ http://localhost:8080/postscript.js:0
[   87175ms] [LOG] [Explorer] Render generation is current, rendering tree @ http://localhost:8080/postscript.js:0
[   87175ms] [LOG] [Explorer] Trie result: success @ http://localhost:8080/postscript.js:0
[   87175ms] [LOG] [Explorer] Rendering 1 children @ http://localhost:8080/postscript.js:0
[   87176ms] [LOG] [Explorer] Render complete, final list length: 2 @ http://localhost:8080/postscript.js:0
[   87697ms] [LOG] [Explorer] Nav event received, generation: 1 @ http://localhost:8080/postscript.js:0
[   87697ms] [LOG] [Explorer] Found 1 explorers @ http://localhost:8080/postscript.js:0
[   87697ms] [LOG] [Explorer] Starting tree build... @ http://localhost:8080/postscript.js:0
[   87697ms] [LOG] [Explorer] Fetching content index... @ http://localhost:8080/postscript.js:0
[   87723ms] [LOG] [Explorer] Fetched data keys: [index, linux, tags/linux, tags/命令, tags/index] @ http://localhost:8080/postscript.js:0
[   87723ms] [LOG] [Explorer] Entry count: 5 @ http://localhost:8080/postscript.js:0
[   87723ms] [LOG] [Explorer] Trie root children: 2 @ http://localhost:8080/postscript.js:0
[   87730ms] [LOG] [Explorer] Render generation is current, rendering tree @ http://localhost:8080/postscript.js:0
[   87730ms] [LOG] [Explorer] Trie result: success @ http://localhost:8080/postscript.js:0
[   87730ms] [LOG] [Explorer] Rendering 1 children @ http://localhost:8080/postscript.js:0
[   87730ms] [LOG] [Explorer] Render complete, final list length: 2 @ http://localhost:8080/postscript.js:0
[   88270ms] [LOG] [Explorer] Nav event received, generation: 1 @ http://localhost:8080/postscript.js:0
[   88271ms] [LOG] [Explorer] Found 1 explorers @ http://localhost:8080/postscript.js:0
[   88271ms] [LOG] [Explorer] Starting tree build... @ http://localhost:8080/postscript.js:0
[   88271ms] [LOG] [Explorer] Fetching content index... @ http://localhost:8080/postscript.js:0
[   88309ms] [LOG] [Explorer] Fetched data keys: [index, linux, tags/linux, tags/命令, tags/index] @ http://localhost:8080/postscript.js:0
[   88310ms] [LOG] [Explorer] Entry count: 5 @ http://localhost:8080/postscript.js:0
[   88310ms] [LOG] [Explorer] Trie root children: 2 @ http://localhost:8080/postscript.js:0
[   88317ms] [LOG] [Explorer] Render generation is current, rendering tree @ http://localhost:8080/postscript.js:0
[   88317ms] [LOG] [Explorer] Trie result: success @ http://localhost:8080/postscript.js:0
[   88317ms] [LOG] [Explorer] Rendering 1 children @ http://localhost:8080/postscript.js:0
[   88317ms] [LOG] [Explorer] Render complete, final list length: 2 @ http://localhost:8080/postscript.js:0
[   88824ms] [LOG] [Explorer] Nav event received, generation: 1 @ http://localhost:8080/postscript.js:0
[   88824ms] [LOG] [Explorer] Found 1 explorers @ http://localhost:8080/postscript.js:0
[   88824ms] [LOG] [Explorer] Starting tree build... @ http://localhost:8080/postscript.js:0
[   88824ms] [LOG] [Explorer] Fetching content index... @ http://localhost:8080/postscript.js:0
[   88844ms] [LOG] [Explorer] Fetched data keys: [index, linux, tags/linux, tags/命令, tags/index] @ http://localhost:8080/postscript.js:0
[   88844ms] [LOG] [Explorer] Entry count: 5 @ http://localhost:8080/postscript.js:0
[   88844ms] [LOG] [Explorer] Trie root children: 2 @ http://localhost:8080/postscript.js:0
[   88852ms] [LOG] [Explorer] Render generation is current, rendering tree @ http://localhost:8080/postscript.js:0
[   88852ms] [LOG] [Explorer] Trie result: success @ http://localhost:8080/postscript.js:0
[   88852ms] [LOG] [Explorer] Rendering 1 children @ http://localhost:8080/postscript.js:0
[   88852ms] [LOG] [Explorer] Render complete, final list length: 2 @ http://localhost:8080/postscript.js:0
[   89371ms] [LOG] [Explorer] Nav event received, generation: 1 @ http://localhost:8080/postscript.js:0
[   89371ms] [LOG] [Explorer] Found 1 explorers @ http://localhost:8080/postscript.js:0
[   89371ms] [LOG] [Explorer] Starting tree build... @ http://localhost:8080/postscript.js:0
[   89371ms] [LOG] [Explorer] Fetching content index... @ http://localhost:8080/postscript.js:0
[   89396ms] [LOG] [Explorer] Fetched data keys: [index, linux, tags/linux, tags/命令, tags/index] @ http://localhost:8080/postscript.js:0
[   89396ms] [LOG] [Explorer] Entry count: 5 @ http://localhost:8080/postscript.js:0
[   89396ms] [LOG] [Explorer] Trie root children: 2 @ http://localhost:8080/postscript.js:0
[   89404ms] [LOG] [Explorer] Render generation is current, rendering tree @ http://localhost:8080/postscript.js:0
[   89404ms] [LOG] [Explorer] Trie result: success @ http://localhost:8080/postscript.js:0
[   89405ms] [LOG] [Explorer] Rendering 1 children @ http://localhost:8080/postscript.js:0
[   89405ms] [LOG] [Explorer] Render complete, final list length: 2 @ http://localhost:8080/postscript.js:0
[   89899ms] [LOG] [Explorer] Nav event received, generation: 1 @ http://localhost:8080/postscript.js:0
[   89899ms] [LOG] [Explorer] Found 1 explorers @ http://localhost:8080/postscript.js:0
[   89899ms] [LOG] [Explorer] Starting tree build... @ http://localhost:8080/postscript.js:0
[   89899ms] [LOG] [Explorer] Fetching content index... @ http://localhost:8080/postscript.js:0
[   89928ms] [LOG] [Explorer] Fetched data keys: [index, linux, tags/linux, tags/命令, tags/index] @ http://localhost:8080/postscript.js:0
[   89928ms] [LOG] [Explorer] Entry count: 5 @ http://localhost:8080/postscript.js:0
[   89928ms] [LOG] [Explorer] Trie root children: 2 @ http://localhost:8080/postscript.js:0
[   89935ms] [LOG] [Explorer] Render generation is current, rendering tree @ http://localhost:8080/postscript.js:0
[   89935ms] [LOG] [Explorer] Trie result: success @ http://localhost:8080/postscript.js:0
[   89935ms] [LOG] [Explorer] Rendering 1 children @ http://localhost:8080/postscript.js:0
[   89935ms] [LOG] [Explorer] Render complete, final list length: 2 @ http://localhost:8080/postscript.js:0
[   90427ms] [LOG] [Explorer] Nav event received, generation: 1 @ http://localhost:8080/postscript.js:0
[   90427ms] [LOG] [Explorer] Found 1 explorers @ http://localhost:8080/postscript.js:0
[   90427ms] [LOG] [Explorer] Starting tree build... @ http://localhost:8080/postscript.js:0
[   90427ms] [LOG] [Explorer] Fetching content index... @ http://localhost:8080/postscript.js:0
[   90456ms] [LOG] [Explorer] Fetched data keys: [index, linux, tags/linux, tags/命令, tags/index] @ http://localhost:8080/postscript.js:0
[   90456ms] [LOG] [Explorer] Entry count: 5 @ http://localhost:8080/postscript.js:0
[   90456ms] [LOG] [Explorer] Trie root children: 2 @ http://localhost:8080/postscript.js:0
[   90462ms] [LOG] [Explorer] Render generation is current, rendering tree @ http://localhost:8080/postscript.js:0
[   90462ms] [LOG] [Explorer] Trie result: success @ http://localhost:8080/postscript.js:0
[   90462ms] [LOG] [Explorer] Rendering 1 children @ http://localhost:8080/postscript.js:0
[   90463ms] [LOG] [Explorer] Render complete, final list length: 2 @ http://localhost:8080/postscript.js:0
[   90962ms] [LOG] [Explorer] Nav event received, generation: 1 @ http://localhost:8080/postscript.js:0
[   90963ms] [LOG] [Explorer] Found 1 explorers @ http://localhost:8080/postscript.js:0
[   90963ms] [LOG] [Explorer] Starting tree build... @ http://localhost:8080/postscript.js:0
[   90963ms] [LOG] [Explorer] Fetching content index... @ http://localhost:8080/postscript.js:0
[   90988ms] [LOG] [Explorer] Fetched data keys: [index, linux, tags/linux, tags/命令, tags/index] @ http://localhost:8080/postscript.js:0
[   90988ms] [LOG] [Explorer] Entry count: 5 @ http://localhost:8080/postscript.js:0
[   90988ms] [LOG] [Explorer] Trie root children: 2 @ http://localhost:8080/postscript.js:0
[   90996ms] [LOG] [Explorer] Render generation is current, rendering tree @ http://localhost:8080/postscript.js:0
[   90996ms] [LOG] [Explorer] Trie result: success @ http://localhost:8080/postscript.js:0
[   90996ms] [LOG] [Explorer] Rendering 1 children @ http://localhost:8080/postscript.js:0
[   90996ms] [LOG] [Explorer] Render complete, final list length: 2 @ http://localhost:8080/postscript.js:0
[   91500ms] [LOG] [Explorer] Nav event received, generation: 1 @ http://localhost:8080/postscript.js:0
[   91500ms] [LOG] [Explorer] Found 1 explorers @ http://localhost:8080/postscript.js:0
[   91500ms] [LOG] [Explorer] Starting tree build... @ http://localhost:8080/postscript.js:0
[   91501ms] [LOG] [Explorer] Fetching content index... @ http://localhost:8080/postscript.js:0
[   91523ms] [LOG] [Explorer] Fetched data keys: [index, linux, tags/linux, tags/命令, tags/index] @ http://localhost:8080/postscript.js:0
[   91523ms] [LOG] [Explorer] Entry count: 5 @ http://localhost:8080/postscript.js:0
[   91523ms] [LOG] [Explorer] Trie root children: 2 @ http://localhost:8080/postscript.js:0
[   91531ms] [LOG] [Explorer] Render generation is current, rendering tree @ http://localhost:8080/postscript.js:0
[   91531ms] [LOG] [Explorer] Trie result: success @ http://localhost:8080/postscript.js:0
[   91531ms] [LOG] [Explorer] Rendering 1 children @ http://localhost:8080/postscript.js:0
[   91531ms] [LOG] [Explorer] Render complete, final list length: 2 @ http://localhost:8080/postscript.js:0
[   92048ms] [LOG] [Explorer] Nav event received, generation: 1 @ http://localhost:8080/postscript.js:0
[   92048ms] [LOG] [Explorer] Found 1 explorers @ http://localhost:8080/postscript.js:0
[   92048ms] [LOG] [Explorer] Starting tree build... @ http://localhost:8080/postscript.js:0
[   92048ms] [LOG] [Explorer] Fetching content index... @ http://localhost:8080/postscript.js:0
[   92080ms] [LOG] [Explorer] Fetched data keys: [index, linux, tags/linux, tags/命令, tags/index] @ http://localhost:8080/postscript.js:0
[   92080ms] [LOG] [Explorer] Entry count: 5 @ http://localhost:8080/postscript.js:0
[   92080ms] [LOG] [Explorer] Trie root children: 2 @ http://localhost:8080/postscript.js:0
[   92088ms] [LOG] [Explorer] Render generation is current, rendering tree @ http://localhost:8080/postscript.js:0
[   92088ms] [LOG] [Explorer] Trie result: success @ http://localhost:8080/postscript.js:0
[   92088ms] [LOG] [Explorer] Rendering 1 children @ http://localhost:8080/postscript.js:0
[   92088ms] [LOG] [Explorer] Render complete, final list length: 2 @ http://localhost:8080/postscript.js:0
[   92592ms] [LOG] [Explorer] Nav event received, generation: 1 @ http://localhost:8080/postscript.js:0
[   92592ms] [LOG] [Explorer] Found 1 explorers @ http://localhost:8080/postscript.js:0
[   92592ms] [LOG] [Explorer] Starting tree build... @ http://localhost:8080/postscript.js:0
[   92592ms] [LOG] [Explorer] Fetching content index... @ http://localhost:8080/postscript.js:0
[   92625ms] [LOG] [Explorer] Fetched data keys: [index, linux, tags/linux, tags/命令, tags/index] @ http://localhost:8080/postscript.js:0
[   92625ms] [LOG] [Explorer] Entry count: 5 @ http://localhost:8080/postscript.js:0
[   92625ms] [LOG] [Explorer] Trie root children: 2 @ http://localhost:8080/postscript.js:0
[   92633ms] [LOG] [Explorer] Render generation is current, rendering tree @ http://localhost:8080/postscript.js:0
[   92633ms] [LOG] [Explorer] Trie result: success @ http://localhost:8080/postscript.js:0
[   92633ms] [LOG] [Explorer] Rendering 1 children @ http://localhost:8080/postscript.js:0
[   92633ms] [LOG] [Explorer] Render complete, final list length: 2 @ http://localhost:8080/postscript.js:0
[   93157ms] [LOG] [Explorer] Nav event received, generation: 1 @ http://localhost:8080/postscript.js:0
[   93157ms] [LOG] [Explorer] Found 1 explorers @ http://localhost:8080/postscript.js:0
[   93157ms] [LOG] [Explorer] Starting tree build... @ http://localhost:8080/postscript.js:0
[   93157ms] [LOG] [Explorer] Fetching content index... @ http://localhost:8080/postscript.js:0
[   93178ms] [LOG] [Explorer] Fetched data keys: [index, linux, tags/linux, tags/命令, tags/index] @ http://localhost:8080/postscript.js:0
[   93178ms] [LOG] [Explorer] Entry count: 5 @ http://localhost:8080/postscript.js:0
[   93178ms] [LOG] [Explorer] Trie root children: 2 @ http://localhost:8080/postscript.js:0
[   93186ms] [LOG] [Explorer] Render generation is current, rendering tree @ http://localhost:8080/postscript.js:0
[   93186ms] [LOG] [Explorer] Trie result: success @ http://localhost:8080/postscript.js:0
[   93186ms] [LOG] [Explorer] Rendering 1 children @ http://localhost:8080/postscript.js:0
[   93186ms] [LOG] [Explorer] Render complete, final list length: 2 @ http://localhost:8080/postscript.js:0
[   93723ms] [LOG] [Explorer] Nav event received, generation: 1 @ http://localhost:8080/postscript.js:0
[   93723ms] [LOG] [Explorer] Found 1 explorers @ http://localhost:8080/postscript.js:0
[   93723ms] [LOG] [Explorer] Starting tree build... @ http://localhost:8080/postscript.js:0
[   93723ms] [LOG] [Explorer] Fetching content index... @ http://localhost:8080/postscript.js:0
[   93725ms] [LOG] [Explorer] Fetched data keys: [index, linux, tags/linux, tags/命令, tags/index] @ http://localhost:8080/postscript.js:0
[   93725ms] [LOG] [Explorer] Entry count: 5 @ http://localhost:8080/postscript.js:0
[   93726ms] [LOG] [Explorer] Trie root children: 2 @ http://localhost:8080/postscript.js:0
[   93728ms] [LOG] [Explorer] Render generation is current, rendering tree @ http://localhost:8080/postscript.js:0
[   93728ms] [LOG] [Explorer] Trie result: success @ http://localhost:8080/postscript.js:0
[   93728ms] [LOG] [Explorer] Rendering 1 children @ http://localhost:8080/postscript.js:0
[   93728ms] [LOG] [Explorer] Render complete, final list length: 2 @ http://localhost:8080/postscript.js:0
[   94262ms] [LOG] [Explorer] Nav event received, generation: 1 @ http://localhost:8080/postscript.js:0
[   94262ms] [LOG] [Explorer] Found 1 explorers @ http://localhost:8080/postscript.js:0
[   94262ms] [LOG] [Explorer] Starting tree build... @ http://localhost:8080/postscript.js:0
[   94262ms] [LOG] [Explorer] Fetching content index... @ http://localhost:8080/postscript.js:0
[   94292ms] [LOG] [Explorer] Fetched data keys: [index, linux, tags/linux, tags/命令, tags/index] @ http://localhost:8080/postscript.js:0
[   94292ms] [LOG] [Explorer] Entry count: 5 @ http://localhost:8080/postscript.js:0
[   94292ms] [LOG] [Explorer] Trie root children: 2 @ http://localhost:8080/postscript.js:0
[   94299ms] [LOG] [Explorer] Render generation is current, rendering tree @ http://localhost:8080/postscript.js:0
[   94299ms] [LOG] [Explorer] Trie result: success @ http://localhost:8080/postscript.js:0
[   94299ms] [LOG] [Explorer] Rendering 1 children @ http://localhost:8080/postscript.js:0
[   94300ms] [LOG] [Explorer] Render complete, final list length: 2 @ http://localhost:8080/postscript.js:0
[   94805ms] [LOG] [Explorer] Nav event received, generation: 1 @ http://localhost:8080/postscript.js:0
[   94805ms] [LOG] [Explorer] Found 1 explorers @ http://localhost:8080/postscript.js:0
[   94805ms] [LOG] [Explorer] Starting tree build... @ http://localhost:8080/postscript.js:0
[   94805ms] [LOG] [Explorer] Fetching content index... @ http://localhost:8080/postscript.js:0
[   94833ms] [LOG] [Explorer] Fetched data keys: [index, linux, tags/linux, tags/命令, tags/index] @ http://localhost:8080/postscript.js:0
[   94833ms] [LOG] [Explorer] Entry count: 5 @ http://localhost:8080/postscript.js:0
[   94833ms] [LOG] [Explorer] Trie root children: 2 @ http://localhost:8080/postscript.js:0
[   94841ms] [LOG] [Explorer] Render generation is current, rendering tree @ http://localhost:8080/postscript.js:0
[   94841ms] [LOG] [Explorer] Trie result: success @ http://localhost:8080/postscript.js:0
[   94841ms] [LOG] [Explorer] Rendering 1 children @ http://localhost:8080/postscript.js:0
[   94841ms] [LOG] [Explorer] Render complete, final list length: 2 @ http://localhost:8080/postscript.js:0
[   95349ms] [LOG] [Explorer] Nav event received, generation: 1 @ http://localhost:8080/postscript.js:0
[   95349ms] [LOG] [Explorer] Found 1 explorers @ http://localhost:8080/postscript.js:0
[   95349ms] [LOG] [Explorer] Starting tree build... @ http://localhost:8080/postscript.js:0
[   95349ms] [LOG] [Explorer] Fetching content index... @ http://localhost:8080/postscript.js:0
[   95380ms] [LOG] [Explorer] Fetched data keys: [index, linux, tags/linux, tags/命令, tags/index] @ http://localhost:8080/postscript.js:0
[   95380ms] [LOG] [Explorer] Entry count: 5 @ http://localhost:8080/postscript.js:0
[   95380ms] [LOG] [Explorer] Trie root children: 2 @ http://localhost:8080/postscript.js:0
[   95388ms] [LOG] [Explorer] Render generation is current, rendering tree @ http://localhost:8080/postscript.js:0
[   95388ms] [LOG] [Explorer] Trie result: success @ http://localhost:8080/postscript.js:0
[   95388ms] [LOG] [Explorer] Rendering 1 children @ http://localhost:8080/postscript.js:0
[   95388ms] [LOG] [Explorer] Render complete, final list length: 2 @ http://localhost:8080/postscript.js:0
[   95888ms] [LOG] [Explorer] Nav event received, generation: 1 @ http://localhost:8080/postscript.js:0
[   95888ms] [LOG] [Explorer] Found 1 explorers @ http://localhost:8080/postscript.js:0
[   95888ms] [LOG] [Explorer] Starting tree build... @ http://localhost:8080/postscript.js:0
[   95888ms] [LOG] [Explorer] Fetching content index... @ http://localhost:8080/postscript.js:0
[   95917ms] [LOG] [Explorer] Fetched data keys: [index, linux, tags/linux, tags/命令, tags/index] @ http://localhost:8080/postscript.js:0
[   95917ms] [LOG] [Explorer] Entry count: 5 @ http://localhost:8080/postscript.js:0
[   95917ms] [LOG] [Explorer] Trie root children: 2 @ http://localhost:8080/postscript.js:0
[   95924ms] [LOG] [Explorer] Render generation is current, rendering tree @ http://localhost:8080/postscript.js:0
[   95924ms] [LOG] [Explorer] Trie result: success @ http://localhost:8080/postscript.js:0
[   95924ms] [LOG] [Explorer] Rendering 1 children @ http://localhost:8080/postscript.js:0
[   95924ms] [LOG] [Explorer] Render complete, final list length: 2 @ http://localhost:8080/postscript.js:0
[   96453ms] [LOG] [Explorer] Nav event received, generation: 1 @ http://localhost:8080/postscript.js:0
[   96453ms] [LOG] [Explorer] Found 1 explorers @ http://localhost:8080/postscript.js:0
[   96454ms] [LOG] [Explorer] Starting tree build... @ http://localhost:8080/postscript.js:0
[   96454ms] [LOG] [Explorer] Fetching content index... @ http://localhost:8080/postscript.js:0
[   96476ms] [LOG] [Explorer] Fetched data keys: [index, linux, tags/linux, tags/命令, tags/index] @ http://localhost:8080/postscript.js:0
[   96477ms] [LOG] [Explorer] Entry count: 5 @ http://localhost:8080/postscript.js:0
[   96477ms] [LOG] [Explorer] Trie root children: 2 @ http://localhost:8080/postscript.js:0
[   96484ms] [LOG] [Explorer] Render generation is current, rendering tree @ http://localhost:8080/postscript.js:0
[   96484ms] [LOG] [Explorer] Trie result: success @ http://localhost:8080/postscript.js:0
[   96484ms] [LOG] [Explorer] Rendering 1 children @ http://localhost:8080/postscript.js:0
[   96485ms] [LOG] [Explorer] Render complete, final list length: 2 @ http://localhost:8080/postscript.js:0
[   97040ms] [LOG] [Explorer] Nav event received, generation: 1 @ http://localhost:8080/postscript.js:0
[   97040ms] [LOG] [Explorer] Found 1 explorers @ http://localhost:8080/postscript.js:0
[   97040ms] [LOG] [Explorer] Starting tree build... @ http://localhost:8080/postscript.js:0
[   97040ms] [LOG] [Explorer] Fetching content index... @ http://localhost:8080/postscript.js:0
[   97078ms] [LOG] [Explorer] Fetched data keys: [index, linux, tags/linux, tags/命令, tags/index] @ http://localhost:8080/postscript.js:0
[   97078ms] [LOG] [Explorer] Entry count: 5 @ http://localhost:8080/postscript.js:0
[   97078ms] [LOG] [Explorer] Trie root children: 2 @ http://localhost:8080/postscript.js:0
[   97085ms] [LOG] [Explorer] Render generation is current, rendering tree @ http://localhost:8080/postscript.js:0
[   97085ms] [LOG] [Explorer] Trie result: success @ http://localhost:8080/postscript.js:0
[   97085ms] [LOG] [Explorer] Rendering 1 children @ http://localhost:8080/postscript.js:0
[   97085ms] [LOG] [Explorer] Render complete, final list length: 2 @ http://localhost:8080/postscript.js:0
[   97575ms] [LOG] [Explorer] Nav event received, generation: 1 @ http://localhost:8080/postscript.js:0
[   97575ms] [LOG] [Explorer] Found 1 explorers @ http://localhost:8080/postscript.js:0
[   97575ms] [LOG] [Explorer] Starting tree build... @ http://localhost:8080/postscript.js:0
[   97575ms] [LOG] [Explorer] Fetching content index... @ http://localhost:8080/postscript.js:0
[   97607ms] [LOG] [Explorer] Fetched data keys: [index, linux, tags/linux, tags/命令, tags/index] @ http://localhost:8080/postscript.js:0
[   97607ms] [LOG] [Explorer] Entry count: 5 @ http://localhost:8080/postscript.js:0
[   97607ms] [LOG] [Explorer] Trie root children: 2 @ http://localhost:8080/postscript.js:0
[   97615ms] [LOG] [Explorer] Render generation is current, rendering tree @ http://localhost:8080/postscript.js:0
[   97615ms] [LOG] [Explorer] Trie result: success @ http://localhost:8080/postscript.js:0
[   97615ms] [LOG] [Explorer] Rendering 1 children @ http://localhost:8080/postscript.js:0
[   97615ms] [LOG] [Explorer] Render complete, final list length: 2 @ http://localhost:8080/postscript.js:0
[   98100ms] [LOG] [Explorer] Nav event received, generation: 1 @ http://localhost:8080/postscript.js:0
[   98101ms] [LOG] [Explorer] Found 1 explorers @ http://localhost:8080/postscript.js:0
[   98101ms] [LOG] [Explorer] Starting tree build... @ http://localhost:8080/postscript.js:0
[   98101ms] [LOG] [Explorer] Fetching content index... @ http://localhost:8080/postscript.js:0
[   98132ms] [LOG] [Explorer] Fetched data keys: [index, linux, tags/linux, tags/命令, tags/index] @ http://localhost:8080/postscript.js:0
[   98132ms] [LOG] [Explorer] Entry count: 5 @ http://localhost:8080/postscript.js:0
[   98132ms] [LOG] [Explorer] Trie root children: 2 @ http://localhost:8080/postscript.js:0
[   98140ms] [LOG] [Explorer] Render generation is current, rendering tree @ http://localhost:8080/postscript.js:0
[   98140ms] [LOG] [Explorer] Trie result: success @ http://localhost:8080/postscript.js:0
[   98140ms] [LOG] [Explorer] Rendering 1 children @ http://localhost:8080/postscript.js:0
[   98140ms] [LOG] [Explorer] Render complete, final list length: 2 @ http://localhost:8080/postscript.js:0
[   98640ms] [LOG] [Explorer] Nav event received, generation: 1 @ http://localhost:8080/postscript.js:0
[   98640ms] [LOG] [Explorer] Found 1 explorers @ http://localhost:8080/postscript.js:0
[   98640ms] [LOG] [Explorer] Starting tree build... @ http://localhost:8080/postscript.js:0
[   98640ms] [LOG] [Explorer] Fetching content index... @ http://localhost:8080/postscript.js:0
[   98671ms] [LOG] [Explorer] Fetched data keys: [index, linux, tags/linux, tags/命令, tags/index] @ http://localhost:8080/postscript.js:0
[   98671ms] [LOG] [Explorer] Entry count: 5 @ http://localhost:8080/postscript.js:0
[   98671ms] [LOG] [Explorer] Trie root children: 2 @ http://localhost:8080/postscript.js:0
[   98679ms] [LOG] [Explorer] Render generation is current, rendering tree @ http://localhost:8080/postscript.js:0
[   98679ms] [LOG] [Explorer] Trie result: success @ http://localhost:8080/postscript.js:0
[   98679ms] [LOG] [Explorer] Rendering 1 children @ http://localhost:8080/postscript.js:0
[   98679ms] [LOG] [Explorer] Render complete, final list length: 2 @ http://localhost:8080/postscript.js:0
[   99186ms] [LOG] [Explorer] Nav event received, generation: 1 @ http://localhost:8080/postscript.js:0
[   99186ms] [LOG] [Explorer] Found 1 explorers @ http://localhost:8080/postscript.js:0
[   99186ms] [LOG] [Explorer] Starting tree build... @ http://localhost:8080/postscript.js:0
[   99186ms] [LOG] [Explorer] Fetching content index... @ http://localhost:8080/postscript.js:0
[   99219ms] [LOG] [Explorer] Fetched data keys: [index, linux, tags/linux, tags/命令, tags/index] @ http://localhost:8080/postscript.js:0
[   99219ms] [LOG] [Explorer] Entry count: 5 @ http://localhost:8080/postscript.js:0
[   99219ms] [LOG] [Explorer] Trie root children: 2 @ http://localhost:8080/postscript.js:0
[   99226ms] [LOG] [Explorer] Render generation is current, rendering tree @ http://localhost:8080/postscript.js:0
[   99226ms] [LOG] [Explorer] Trie result: success @ http://localhost:8080/postscript.js:0
[   99226ms] [LOG] [Explorer] Rendering 1 children @ http://localhost:8080/postscript.js:0
[   99227ms] [LOG] [Explorer] Render complete, final list length: 2 @ http://localhost:8080/postscript.js:0
[   99736ms] [LOG] [Explorer] Nav event received, generation: 1 @ http://localhost:8080/postscript.js:0
[   99737ms] [LOG] [Explorer] Found 1 explorers @ http://localhost:8080/postscript.js:0
[   99737ms] [LOG] [Explorer] Starting tree build... @ http://localhost:8080/postscript.js:0
[   99737ms] [LOG] [Explorer] Fetching content index... @ http://localhost:8080/postscript.js:0
[   99752ms] [LOG] [Explorer] Fetched data keys: [index, linux, tags/linux, tags/命令, tags/index] @ http://localhost:8080/postscript.js:0
[   99752ms] [LOG] [Explorer] Entry count: 5 @ http://localhost:8080/postscript.js:0
[   99752ms] [LOG] [Explorer] Trie root children: 2 @ http://localhost:8080/postscript.js:0
[   99760ms] [LOG] [Explorer] Render generation is current, rendering tree @ http://localhost:8080/postscript.js:0
[   99760ms] [LOG] [Explorer] Trie result: success @ http://localhost:8080/postscript.js:0
[   99760ms] [LOG] [Explorer] Rendering 1 children @ http://localhost:8080/postscript.js:0
[   99760ms] [LOG] [Explorer] Render complete, final list length: 2 @ http://localhost:8080/postscript.js:0
[  100283ms] [LOG] [Explorer] Nav event received, generation: 1 @ http://localhost:8080/postscript.js:0
[  100284ms] [LOG] [Explorer] Found 1 explorers @ http://localhost:8080/postscript.js:0
[  100284ms] [LOG] [Explorer] Starting tree build... @ http://localhost:8080/postscript.js:0
[  100284ms] [LOG] [Explorer] Fetching content index... @ http://localhost:8080/postscript.js:0
[  100306ms] [LOG] [Explorer] Fetched data keys: [index, linux, tags/linux, tags/命令, tags/index] @ http://localhost:8080/postscript.js:0
[  100306ms] [LOG] [Explorer] Entry count: 5 @ http://localhost:8080/postscript.js:0
[  100306ms] [LOG] [Explorer] Trie root children: 2 @ http://localhost:8080/postscript.js:0
[  100313ms] [LOG] [Explorer] Render generation is current, rendering tree @ http://localhost:8080/postscript.js:0
[  100313ms] [LOG] [Explorer] Trie result: success @ http://localhost:8080/postscript.js:0
[  100314ms] [LOG] [Explorer] Rendering 1 children @ http://localhost:8080/postscript.js:0
[  100314ms] [LOG] [Explorer] Render complete, final list length: 2 @ http://localhost:8080/postscript.js:0
[  100835ms] [LOG] [Explorer] Nav event received, generation: 1 @ http://localhost:8080/postscript.js:0
[  100835ms] [LOG] [Explorer] Found 1 explorers @ http://localhost:8080/postscript.js:0
[  100835ms] [LOG] [Explorer] Starting tree build... @ http://localhost:8080/postscript.js:0
[  100835ms] [LOG] [Explorer] Fetching content index... @ http://localhost:8080/postscript.js:0
[  100863ms] [LOG] [Explorer] Fetched data keys: [index, linux, tags/linux, tags/命令, tags/index] @ http://localhost:8080/postscript.js:0
[  100863ms] [LOG] [Explorer] Entry count: 5 @ http://localhost:8080/postscript.js:0
[  100863ms] [LOG] [Explorer] Trie root children: 2 @ http://localhost:8080/postscript.js:0
[  100871ms] [LOG] [Explorer] Render generation is current, rendering tree @ http://localhost:8080/postscript.js:0
[  100871ms] [LOG] [Explorer] Trie result: success @ http://localhost:8080/postscript.js:0
[  100871ms] [LOG] [Explorer] Rendering 1 children @ http://localhost:8080/postscript.js:0
[  100871ms] [LOG] [Explorer] Render complete, final list length: 2 @ http://localhost:8080/postscript.js:0
[  101394ms] [LOG] [Explorer] Nav event received, generation: 1 @ http://localhost:8080/postscript.js:0
[  101394ms] [LOG] [Explorer] Found 1 explorers @ http://localhost:8080/postscript.js:0
[  101394ms] [LOG] [Explorer] Starting tree build... @ http://localhost:8080/postscript.js:0
[  101394ms] [LOG] [Explorer] Fetching content index... @ http://localhost:8080/postscript.js:0
[  101410ms] [LOG] [Explorer] Fetched data keys: [index, linux, tags/linux, tags/命令, tags/index] @ http://localhost:8080/postscript.js:0
[  101410ms] [LOG] [Explorer] Entry count: 5 @ http://localhost:8080/postscript.js:0
[  101410ms] [LOG] [Explorer] Trie root children: 2 @ http://localhost:8080/postscript.js:0
[  101417ms] [LOG] [Explorer] Render generation is current, rendering tree @ http://localhost:8080/postscript.js:0
[  101417ms] [LOG] [Explorer] Trie result: success @ http://localhost:8080/postscript.js:0
[  101417ms] [LOG] [Explorer] Rendering 1 children @ http://localhost:8080/postscript.js:0
[  101417ms] [LOG] [Explorer] Render complete, final list length: 2 @ http://localhost:8080/postscript.js:0
[  101941ms] [LOG] [Explorer] Nav event received, generation: 1 @ http://localhost:8080/postscript.js:0
[  101941ms] [LOG] [Explorer] Found 1 explorers @ http://localhost:8080/postscript.js:0
[  101941ms] [LOG] [Explorer] Starting tree build... @ http://localhost:8080/postscript.js:0
[  101941ms] [LOG] [Explorer] Fetching content index... @ http://localhost:8080/postscript.js:0
[  101970ms] [LOG] [Explorer] Fetched data keys: [index, linux, tags/linux, tags/命令, tags/index] @ http://localhost:8080/postscript.js:0
[  101970ms] [LOG] [Explorer] Entry count: 5 @ http://localhost:8080/postscript.js:0
[  101970ms] [LOG] [Explorer] Trie root children: 2 @ http://localhost:8080/postscript.js:0
[  101977ms] [LOG] [Explorer] Render generation is current, rendering tree @ http://localhost:8080/postscript.js:0
[  101977ms] [LOG] [Explorer] Trie result: success @ http://localhost:8080/postscript.js:0
[  101978ms] [LOG] [Explorer] Rendering 1 children @ http://localhost:8080/postscript.js:0
[  101978ms] [LOG] [Explorer] Render complete, final list length: 2 @ http://localhost:8080/postscript.js:0
[  102497ms] [LOG] [Explorer] Nav event received, generation: 1 @ http://localhost:8080/postscript.js:0
[  102498ms] [LOG] [Explorer] Found 1 explorers @ http://localhost:8080/postscript.js:0
[  102498ms] [LOG] [Explorer] Starting tree build... @ http://localhost:8080/postscript.js:0
[  102498ms] [LOG] [Explorer] Fetching content index... @ http://localhost:8080/postscript.js:0
[  102522ms] [LOG] [Explorer] Fetched data keys: [index, linux, tags/linux, tags/命令, tags/index] @ http://localhost:8080/postscript.js:0
[  102522ms] [LOG] [Explorer] Entry count: 5 @ http://localhost:8080/postscript.js:0
[  102523ms] [LOG] [Explorer] Trie root children: 2 @ http://localhost:8080/postscript.js:0
[  102530ms] [LOG] [Explorer] Render generation is current, rendering tree @ http://localhost:8080/postscript.js:0
[  102530ms] [LOG] [Explorer] Trie result: success @ http://localhost:8080/postscript.js:0
[  102530ms] [LOG] [Explorer] Rendering 1 children @ http://localhost:8080/postscript.js:0
[  102530ms] [LOG] [Explorer] Render complete, final list length: 2 @ http://localhost:8080/postscript.js:0
[  103040ms] [LOG] [Explorer] Nav event received, generation: 1 @ http://localhost:8080/postscript.js:0
[  103041ms] [LOG] [Explorer] Found 1 explorers @ http://localhost:8080/postscript.js:0
[  103041ms] [LOG] [Explorer] Starting tree build... @ http://localhost:8080/postscript.js:0
[  103041ms] [LOG] [Explorer] Fetching content index... @ http://localhost:8080/postscript.js:0
[  103071ms] [LOG] [Explorer] Fetched data keys: [index, linux, tags/linux, tags/命令, tags/index] @ http://localhost:8080/postscript.js:0
[  103071ms] [LOG] [Explorer] Entry count: 5 @ http://localhost:8080/postscript.js:0
[  103071ms] [LOG] [Explorer] Trie root children: 2 @ http://localhost:8080/postscript.js:0
[  103078ms] [LOG] [Explorer] Render generation is current, rendering tree @ http://localhost:8080/postscript.js:0
[  103078ms] [LOG] [Explorer] Trie result: success @ http://localhost:8080/postscript.js:0
[  103078ms] [LOG] [Explorer] Rendering 1 children @ http://localhost:8080/postscript.js:0
[  103078ms] [LOG] [Explorer] Render complete, final list length: 2 @ http://localhost:8080/postscript.js:0
[  103571ms] [LOG] [Explorer] Nav event received, generation: 1 @ http://localhost:8080/postscript.js:0
[  103572ms] [LOG] [Explorer] Found 1 explorers @ http://localhost:8080/postscript.js:0
[  103572ms] [LOG] [Explorer] Starting tree build... @ http://localhost:8080/postscript.js:0
[  103572ms] [LOG] [Explorer] Fetching content index... @ http://localhost:8080/postscript.js:0
[  103596ms] [LOG] [Explorer] Fetched data keys: [index, linux, tags/linux, tags/命令, tags/index] @ http://localhost:8080/postscript.js:0
[  103596ms] [LOG] [Explorer] Entry count: 5 @ http://localhost:8080/postscript.js:0
[  103596ms] [LOG] [Explorer] Trie root children: 2 @ http://localhost:8080/postscript.js:0
[  103603ms] [LOG] [Explorer] Render generation is current, rendering tree @ http://localhost:8080/postscript.js:0
[  103603ms] [LOG] [Explorer] Trie result: success @ http://localhost:8080/postscript.js:0
[  103603ms] [LOG] [Explorer] Rendering 1 children @ http://localhost:8080/postscript.js:0
[  103603ms] [LOG] [Explorer] Render complete, final list length: 2 @ http://localhost:8080/postscript.js:0
[  104110ms] [LOG] [Explorer] Nav event received, generation: 1 @ http://localhost:8080/postscript.js:0
[  104111ms] [LOG] [Explorer] Found 1 explorers @ http://localhost:8080/postscript.js:0
[  104111ms] [LOG] [Explorer] Starting tree build... @ http://localhost:8080/postscript.js:0
[  104111ms] [LOG] [Explorer] Fetching content index... @ http://localhost:8080/postscript.js:0
[  104135ms] [LOG] [Explorer] Fetched data keys: [index, linux, tags/linux, tags/命令, tags/index] @ http://localhost:8080/postscript.js:0
[  104136ms] [LOG] [Explorer] Entry count: 5 @ http://localhost:8080/postscript.js:0
[  104136ms] [LOG] [Explorer] Trie root children: 2 @ http://localhost:8080/postscript.js:0
[  104143ms] [LOG] [Explorer] Render generation is current, rendering tree @ http://localhost:8080/postscript.js:0
[  104143ms] [LOG] [Explorer] Trie result: success @ http://localhost:8080/postscript.js:0
[  104143ms] [LOG] [Explorer] Rendering 1 children @ http://localhost:8080/postscript.js:0
[  104143ms] [LOG] [Explorer] Render complete, final list length: 2 @ http://localhost:8080/postscript.js:0
[  104651ms] [LOG] [Explorer] Nav event received, generation: 1 @ http://localhost:8080/postscript.js:0
[  104652ms] [LOG] [Explorer] Found 1 explorers @ http://localhost:8080/postscript.js:0
[  104652ms] [LOG] [Explorer] Starting tree build... @ http://localhost:8080/postscript.js:0
[  104652ms] [LOG] [Explorer] Fetching content index... @ http://localhost:8080/postscript.js:0
[  104681ms] [LOG] [Explorer] Fetched data keys: [index, linux, tags/linux, tags/命令, tags/index] @ http://localhost:8080/postscript.js:0
[  104681ms] [LOG] [Explorer] Entry count: 5 @ http://localhost:8080/postscript.js:0
[  104681ms] [LOG] [Explorer] Trie root children: 2 @ http://localhost:8080/postscript.js:0
[  104688ms] [LOG] [Explorer] Render generation is current, rendering tree @ http://localhost:8080/postscript.js:0
[  104688ms] [LOG] [Explorer] Trie result: success @ http://localhost:8080/postscript.js:0
[  104688ms] [LOG] [Explorer] Rendering 1 children @ http://localhost:8080/postscript.js:0
[  104688ms] [LOG] [Explorer] Render complete, final list length: 2 @ http://localhost:8080/postscript.js:0
[  105185ms] [LOG] [Explorer] Nav event received, generation: 1 @ http://localhost:8080/postscript.js:0
[  105185ms] [LOG] [Explorer] Found 1 explorers @ http://localhost:8080/postscript.js:0
[  105185ms] [LOG] [Explorer] Starting tree build... @ http://localhost:8080/postscript.js:0
[  105185ms] [LOG] [Explorer] Fetching content index... @ http://localhost:8080/postscript.js:0
[  105215ms] [LOG] [Explorer] Fetched data keys: [index, linux, tags/linux, tags/命令, tags/index] @ http://localhost:8080/postscript.js:0
[  105215ms] [LOG] [Explorer] Entry count: 5 @ http://localhost:8080/postscript.js:0
[  105215ms] [LOG] [Explorer] Trie root children: 2 @ http://localhost:8080/postscript.js:0
[  105222ms] [LOG] [Explorer] Render generation is current, rendering tree @ http://localhost:8080/postscript.js:0
[  105223ms] [LOG] [Explorer] Trie result: success @ http://localhost:8080/postscript.js:0
[  105223ms] [LOG] [Explorer] Rendering 1 children @ http://localhost:8080/postscript.js:0
[  105223ms] [LOG] [Explorer] Render complete, final list length: 2 @ http://localhost:8080/postscript.js:0
[  105728ms] [LOG] [Explorer] Nav event received, generation: 1 @ http://localhost:8080/postscript.js:0
[  105729ms] [LOG] [Explorer] Found 1 explorers @ http://localhost:8080/postscript.js:0
[  105729ms] [LOG] [Explorer] Starting tree build... @ http://localhost:8080/postscript.js:0
[  105729ms] [LOG] [Explorer] Fetching content index... @ http://localhost:8080/postscript.js:0
[  105753ms] [LOG] [Explorer] Fetched data keys: [index, linux, tags/linux, tags/命令, tags/index] @ http://localhost:8080/postscript.js:0
[  105754ms] [LOG] [Explorer] Entry count: 5 @ http://localhost:8080/postscript.js:0
[  105754ms] [LOG] [Explorer] Trie root children: 2 @ http://localhost:8080/postscript.js:0
[  105762ms] [LOG] [Explorer] Render generation is current, rendering tree @ http://localhost:8080/postscript.js:0
[  105762ms] [LOG] [Explorer] Trie result: success @ http://localhost:8080/postscript.js:0
[  105762ms] [LOG] [Explorer] Rendering 1 children @ http://localhost:8080/postscript.js:0
[  105762ms] [LOG] [Explorer] Render complete, final list length: 2 @ http://localhost:8080/postscript.js:0
[  106254ms] [LOG] [Explorer] Nav event received, generation: 1 @ http://localhost:8080/postscript.js:0
[  106254ms] [LOG] [Explorer] Found 1 explorers @ http://localhost:8080/postscript.js:0
[  106254ms] [LOG] [Explorer] Starting tree build... @ http://localhost:8080/postscript.js:0
[  106254ms] [LOG] [Explorer] Fetching content index... @ http://localhost:8080/postscript.js:0
[  106286ms] [LOG] [Explorer] Fetched data keys: [index, linux, tags/linux, tags/命令, tags/index] @ http://localhost:8080/postscript.js:0
[  106286ms] [LOG] [Explorer] Entry count: 5 @ http://localhost:8080/postscript.js:0
[  106287ms] [LOG] [Explorer] Trie root children: 2 @ http://localhost:8080/postscript.js:0
[  106295ms] [LOG] [Explorer] Render generation is current, rendering tree @ http://localhost:8080/postscript.js:0
[  106295ms] [LOG] [Explorer] Trie result: success @ http://localhost:8080/postscript.js:0
[  106295ms] [LOG] [Explorer] Rendering 1 children @ http://localhost:8080/postscript.js:0
[  106295ms] [LOG] [Explorer] Render complete, final list length: 2 @ http://localhost:8080/postscript.js:0
[  106792ms] [LOG] [Explorer] Nav event received, generation: 1 @ http://localhost:8080/postscript.js:0
[  106792ms] [LOG] [Explorer] Found 1 explorers @ http://localhost:8080/postscript.js:0
[  106792ms] [LOG] [Explorer] Starting tree build... @ http://localhost:8080/postscript.js:0
[  106792ms] [LOG] [Explorer] Fetching content index... @ http://localhost:8080/postscript.js:0
[  106816ms] [LOG] [Explorer] Fetched data keys: [index, linux, tags/linux, tags/命令, tags/index] @ http://localhost:8080/postscript.js:0
[  106816ms] [LOG] [Explorer] Entry count: 5 @ http://localhost:8080/postscript.js:0
[  106816ms] [LOG] [Explorer] Trie root children: 2 @ http://localhost:8080/postscript.js:0
[  106823ms] [LOG] [Explorer] Render generation is current, rendering tree @ http://localhost:8080/postscript.js:0
[  106823ms] [LOG] [Explorer] Trie result: success @ http://localhost:8080/postscript.js:0
[  106823ms] [LOG] [Explorer] Rendering 1 children @ http://localhost:8080/postscript.js:0
[  106823ms] [LOG] [Explorer] Render complete, final list length: 2 @ http://localhost:8080/postscript.js:0
[  107325ms] [LOG] [Explorer] Nav event received, generation: 1 @ http://localhost:8080/postscript.js:0
[  107325ms] [LOG] [Explorer] Found 1 explorers @ http://localhost:8080/postscript.js:0
[  107325ms] [LOG] [Explorer] Starting tree build... @ http://localhost:8080/postscript.js:0
[  107325ms] [LOG] [Explorer] Fetching content index... @ http://localhost:8080/postscript.js:0
[  107354ms] [LOG] [Explorer] Fetched data keys: [index, linux, tags/linux, tags/命令, tags/index] @ http://localhost:8080/postscript.js:0
[  107354ms] [LOG] [Explorer] Entry count: 5 @ http://localhost:8080/postscript.js:0
[  107354ms] [LOG] [Explorer] Trie root children: 2 @ http://localhost:8080/postscript.js:0
[  107362ms] [LOG] [Explorer] Render generation is current, rendering tree @ http://localhost:8080/postscript.js:0
[  107362ms] [LOG] [Explorer] Trie result: success @ http://localhost:8080/postscript.js:0
[  107362ms] [LOG] [Explorer] Rendering 1 children @ http://localhost:8080/postscript.js:0
[  107362ms] [LOG] [Explorer] Render complete, final list length: 2 @ http://localhost:8080/postscript.js:0
[  107852ms] [LOG] [Explorer] Nav event received, generation: 1 @ http://localhost:8080/postscript.js:0
[  107853ms] [LOG] [Explorer] Found 1 explorers @ http://localhost:8080/postscript.js:0
[  107853ms] [LOG] [Explorer] Starting tree build... @ http://localhost:8080/postscript.js:0
[  107853ms] [LOG] [Explorer] Fetching content index... @ http://localhost:8080/postscript.js:0
[  107876ms] [LOG] [Explorer] Fetched data keys: [index, linux, tags/linux, tags/命令, tags/index] @ http://localhost:8080/postscript.js:0
[  107876ms] [LOG] [Explorer] Entry count: 5 @ http://localhost:8080/postscript.js:0
[  107876ms] [LOG] [Explorer] Trie root children: 2 @ http://localhost:8080/postscript.js:0
[  107884ms] [LOG] [Explorer] Render generation is current, rendering tree @ http://localhost:8080/postscript.js:0
[  107884ms] [LOG] [Explorer] Trie result: success @ http://localhost:8080/postscript.js:0
[  107884ms] [LOG] [Explorer] Rendering 1 children @ http://localhost:8080/postscript.js:0
[  107884ms] [LOG] [Explorer] Render complete, final list length: 2 @ http://localhost:8080/postscript.js:0
[  108382ms] [LOG] [Explorer] Nav event received, generation: 1 @ http://localhost:8080/postscript.js:0
[  108383ms] [LOG] [Explorer] Found 1 explorers @ http://localhost:8080/postscript.js:0
[  108383ms] [LOG] [Explorer] Starting tree build... @ http://localhost:8080/postscript.js:0
[  108383ms] [LOG] [Explorer] Fetching content index... @ http://localhost:8080/postscript.js:0
[  108409ms] [LOG] [Explorer] Fetched data keys: [index, linux, tags/linux, tags/命令, tags/index] @ http://localhost:8080/postscript.js:0
[  108409ms] [LOG] [Explorer] Entry count: 5 @ http://localhost:8080/postscript.js:0
[  108410ms] [LOG] [Explorer] Trie root children: 2 @ http://localhost:8080/postscript.js:0
[  108416ms] [LOG] [Explorer] Render generation is current, rendering tree @ http://localhost:8080/postscript.js:0
[  108416ms] [LOG] [Explorer] Trie result: success @ http://localhost:8080/postscript.js:0
[  108416ms] [LOG] [Explorer] Rendering 1 children @ http://localhost:8080/postscript.js:0
[  108416ms] [LOG] [Explorer] Render complete, final list length: 2 @ http://localhost:8080/postscript.js:0
[  108908ms] [LOG] [Explorer] Nav event received, generation: 1 @ http://localhost:8080/postscript.js:0
[  108908ms] [LOG] [Explorer] Found 1 explorers @ http://localhost:8080/postscript.js:0
[  108908ms] [LOG] [Explorer] Starting tree build... @ http://localhost:8080/postscript.js:0
[  108908ms] [LOG] [Explorer] Fetching content index... @ http://localhost:8080/postscript.js:0
[  108938ms] [LOG] [Explorer] Fetched data keys: [index, linux, tags/linux, tags/命令, tags/index] @ http://localhost:8080/postscript.js:0
[  108938ms] [LOG] [Explorer] Entry count: 5 @ http://localhost:8080/postscript.js:0
[  108938ms] [LOG] [Explorer] Trie root children: 2 @ http://localhost:8080/postscript.js:0
[  108945ms] [LOG] [Explorer] Render generation is current, rendering tree @ http://localhost:8080/postscript.js:0
[  108945ms] [LOG] [Explorer] Trie result: success @ http://localhost:8080/postscript.js:0
[  108945ms] [LOG] [Explorer] Rendering 1 children @ http://localhost:8080/postscript.js:0
[  108945ms] [LOG] [Explorer] Render complete, final list length: 2 @ http://localhost:8080/postscript.js:0
[  109432ms] [LOG] [Explorer] Nav event received, generation: 1 @ http://localhost:8080/postscript.js:0
[  109432ms] [LOG] [Explorer] Found 1 explorers @ http://localhost:8080/postscript.js:0
[  109432ms] [LOG] [Explorer] Starting tree build... @ http://localhost:8080/postscript.js:0
[  109432ms] [LOG] [Explorer] Fetching content index... @ http://localhost:8080/postscript.js:0
[  109464ms] [LOG] [Explorer] Fetched data keys: [index, linux, tags/linux, tags/命令, tags/index] @ http://localhost:8080/postscript.js:0
[  109464ms] [LOG] [Explorer] Entry count: 5 @ http://localhost:8080/postscript.js:0
[  109464ms] [LOG] [Explorer] Trie root children: 2 @ http://localhost:8080/postscript.js:0
[  109472ms] [LOG] [Explorer] Render generation is current, rendering tree @ http://localhost:8080/postscript.js:0
[  109472ms] [LOG] [Explorer] Trie result: success @ http://localhost:8080/postscript.js:0
[  109472ms] [LOG] [Explorer] Rendering 1 children @ http://localhost:8080/postscript.js:0
[  109472ms] [LOG] [Explorer] Render complete, final list length: 2 @ http://localhost:8080/postscript.js:0
[  109968ms] [LOG] [Explorer] Nav event received, generation: 1 @ http://localhost:8080/postscript.js:0
[  109968ms] [LOG] [Explorer] Found 1 explorers @ http://localhost:8080/postscript.js:0
[  109968ms] [LOG] [Explorer] Starting tree build... @ http://localhost:8080/postscript.js:0
[  109968ms] [LOG] [Explorer] Fetching content index... @ http://localhost:8080/postscript.js:0
[  109996ms] [LOG] [Explorer] Fetched data keys: [index, linux, tags/linux, tags/命令, tags/index] @ http://localhost:8080/postscript.js:0
[  109996ms] [LOG] [Explorer] Entry count: 5 @ http://localhost:8080/postscript.js:0
[  109996ms] [LOG] [Explorer] Trie root children: 2 @ http://localhost:8080/postscript.js:0
[  110003ms] [LOG] [Explorer] Render generation is current, rendering tree @ http://localhost:8080/postscript.js:0
[  110003ms] [LOG] [Explorer] Trie result: success @ http://localhost:8080/postscript.js:0
[  110003ms] [LOG] [Explorer] Rendering 1 children @ http://localhost:8080/postscript.js:0
[  110003ms] [LOG] [Explorer] Render complete, final list length: 2 @ http://localhost:8080/postscript.js:0
[  110503ms] [LOG] [Explorer] Nav event received, generation: 1 @ http://localhost:8080/postscript.js:0
[  110503ms] [LOG] [Explorer] Found 1 explorers @ http://localhost:8080/postscript.js:0
[  110503ms] [LOG] [Explorer] Starting tree build... @ http://localhost:8080/postscript.js:0
[  110503ms] [LOG] [Explorer] Fetching content index... @ http://localhost:8080/postscript.js:0
[  110532ms] [LOG] [Explorer] Fetched data keys: [index, linux, tags/linux, tags/命令, tags/index] @ http://localhost:8080/postscript.js:0
[  110532ms] [LOG] [Explorer] Entry count: 5 @ http://localhost:8080/postscript.js:0
[  110532ms] [LOG] [Explorer] Trie root children: 2 @ http://localhost:8080/postscript.js:0
[  110539ms] [LOG] [Explorer] Render generation is current, rendering tree @ http://localhost:8080/postscript.js:0
[  110539ms] [LOG] [Explorer] Trie result: success @ http://localhost:8080/postscript.js:0
[  110539ms] [LOG] [Explorer] Rendering 1 children @ http://localhost:8080/postscript.js:0
[  110539ms] [LOG] [Explorer] Render complete, final list length: 2 @ http://localhost:8080/postscript.js:0
[  111044ms] [LOG] [Explorer] Nav event received, generation: 1 @ http://localhost:8080/postscript.js:0
[  111044ms] [LOG] [Explorer] Found 1 explorers @ http://localhost:8080/postscript.js:0
[  111044ms] [LOG] [Explorer] Starting tree build... @ http://localhost:8080/postscript.js:0
[  111044ms] [LOG] [Explorer] Fetching content index... @ http://localhost:8080/postscript.js:0
[  111076ms] [LOG] [Explorer] Fetched data keys: [index, linux, tags/linux, tags/命令, tags/index] @ http://localhost:8080/postscript.js:0
[  111076ms] [LOG] [Explorer] Entry count: 5 @ http://localhost:8080/postscript.js:0
[  111076ms] [LOG] [Explorer] Trie root children: 2 @ http://localhost:8080/postscript.js:0
[  111084ms] [LOG] [Explorer] Render generation is current, rendering tree @ http://localhost:8080/postscript.js:0
[  111084ms] [LOG] [Explorer] Trie result: success @ http://localhost:8080/postscript.js:0
[  111085ms] [LOG] [Explorer] Rendering 1 children @ http://localhost:8080/postscript.js:0
[  111085ms] [LOG] [Explorer] Render complete, final list length: 2 @ http://localhost:8080/postscript.js:0
[  111584ms] [LOG] [Explorer] Nav event received, generation: 1 @ http://localhost:8080/postscript.js:0
[  111584ms] [LOG] [Explorer] Found 1 explorers @ http://localhost:8080/postscript.js:0
[  111584ms] [LOG] [Explorer] Starting tree build... @ http://localhost:8080/postscript.js:0
[  111584ms] [LOG] [Explorer] Fetching content index... @ http://localhost:8080/postscript.js:0
[  111615ms] [LOG] [Explorer] Fetched data keys: [index, linux, tags/linux, tags/命令, tags/index] @ http://localhost:8080/postscript.js:0
[  111615ms] [LOG] [Explorer] Entry count: 5 @ http://localhost:8080/postscript.js:0
[  111615ms] [LOG] [Explorer] Trie root children: 2 @ http://localhost:8080/postscript.js:0
[  111623ms] [LOG] [Explorer] Render generation is current, rendering tree @ http://localhost:8080/postscript.js:0
[  111623ms] [LOG] [Explorer] Trie result: success @ http://localhost:8080/postscript.js:0
[  111623ms] [LOG] [Explorer] Rendering 1 children @ http://localhost:8080/postscript.js:0
[  111624ms] [LOG] [Explorer] Render complete, final list length: 2 @ http://localhost:8080/postscript.js:0
[  112148ms] [LOG] [Explorer] Nav event received, generation: 1 @ http://localhost:8080/postscript.js:0
[  112148ms] [LOG] [Explorer] Found 1 explorers @ http://localhost:8080/postscript.js:0
[  112148ms] [LOG] [Explorer] Starting tree build... @ http://localhost:8080/postscript.js:0
[  112148ms] [LOG] [Explorer] Fetching content index... @ http://localhost:8080/postscript.js:0
[  112150ms] [LOG] [Explorer] Fetched data keys: [index, linux, tags/linux, tags/命令, tags/index] @ http://localhost:8080/postscript.js:0
[  112150ms] [LOG] [Explorer] Entry count: 5 @ http://localhost:8080/postscript.js:0
[  112150ms] [LOG] [Explorer] Trie root children: 2 @ http://localhost:8080/postscript.js:0
[  112153ms] [LOG] [Explorer] Render generation is current, rendering tree @ http://localhost:8080/postscript.js:0
[  112153ms] [LOG] [Explorer] Trie result: success @ http://localhost:8080/postscript.js:0
[  112153ms] [LOG] [Explorer] Rendering 1 children @ http://localhost:8080/postscript.js:0
[  112153ms] [LOG] [Explorer] Render complete, final list length: 2 @ http://localhost:8080/postscript.js:0
[  112683ms] [LOG] [Explorer] Nav event received, generation: 1 @ http://localhost:8080/postscript.js:0
[  112683ms] [LOG] [Explorer] Found 1 explorers @ http://localhost:8080/postscript.js:0
[  112683ms] [LOG] [Explorer] Starting tree build... @ http://localhost:8080/postscript.js:0
[  112683ms] [LOG] [Explorer] Fetching content index... @ http://localhost:8080/postscript.js:0
[  112708ms] [LOG] [Explorer] Fetched data keys: [index, linux, tags/linux, tags/命令, tags/index] @ http://localhost:8080/postscript.js:0
[  112709ms] [LOG] [Explorer] Entry count: 5 @ http://localhost:8080/postscript.js:0
[  112709ms] [LOG] [Explorer] Trie root children: 2 @ http://localhost:8080/postscript.js:0
[  112717ms] [LOG] [Explorer] Render generation is current, rendering tree @ http://localhost:8080/postscript.js:0
[  112717ms] [LOG] [Explorer] Trie result: success @ http://localhost:8080/postscript.js:0
[  112717ms] [LOG] [Explorer] Rendering 1 children @ http://localhost:8080/postscript.js:0
[  112717ms] [LOG] [Explorer] Render complete, final list length: 2 @ http://localhost:8080/postscript.js:0
[  113233ms] [LOG] [Explorer] Nav event received, generation: 1 @ http://localhost:8080/postscript.js:0
[  113233ms] [LOG] [Explorer] Found 1 explorers @ http://localhost:8080/postscript.js:0
[  113233ms] [LOG] [Explorer] Starting tree build... @ http://localhost:8080/postscript.js:0
[  113233ms] [LOG] [Explorer] Fetching content index... @ http://localhost:8080/postscript.js:0
[  113266ms] [LOG] [Explorer] Fetched data keys: [index, linux, tags/linux, tags/命令, tags/index] @ http://localhost:8080/postscript.js:0
[  113266ms] [LOG] [Explorer] Entry count: 5 @ http://localhost:8080/postscript.js:0
[  113266ms] [LOG] [Explorer] Trie root children: 2 @ http://localhost:8080/postscript.js:0
[  113274ms] [LOG] [Explorer] Render generation is current, rendering tree @ http://localhost:8080/postscript.js:0
[  113274ms] [LOG] [Explorer] Trie result: success @ http://localhost:8080/postscript.js:0
[  113274ms] [LOG] [Explorer] Rendering 1 children @ http://localhost:8080/postscript.js:0
[  113274ms] [LOG] [Explorer] Render complete, final list length: 2 @ http://localhost:8080/postscript.js:0
[  113766ms] [LOG] [Explorer] Nav event received, generation: 1 @ http://localhost:8080/postscript.js:0
[  113766ms] [LOG] [Explorer] Found 1 explorers @ http://localhost:8080/postscript.js:0
[  113766ms] [LOG] [Explorer] Starting tree build... @ http://localhost:8080/postscript.js:0
[  113766ms] [LOG] [Explorer] Fetching content index... @ http://localhost:8080/postscript.js:0
[  113782ms] [LOG] [Explorer] Fetched data keys: [index, linux, tags/linux, tags/命令, tags/index] @ http://localhost:8080/postscript.js:0
[  113782ms] [LOG] [Explorer] Entry count: 5 @ http://localhost:8080/postscript.js:0
[  113782ms] [LOG] [Explorer] Trie root children: 2 @ http://localhost:8080/postscript.js:0
[  113789ms] [LOG] [Explorer] Render generation is current, rendering tree @ http://localhost:8080/postscript.js:0
[  113789ms] [LOG] [Explorer] Trie result: success @ http://localhost:8080/postscript.js:0
[  113789ms] [LOG] [Explorer] Rendering 1 children @ http://localhost:8080/postscript.js:0
[  113789ms] [LOG] [Explorer] Render complete, final list length: 2 @ http://localhost:8080/postscript.js:0
[  114299ms] [LOG] [Explorer] Nav event received, generation: 1 @ http://localhost:8080/postscript.js:0
[  114299ms] [LOG] [Explorer] Found 1 explorers @ http://localhost:8080/postscript.js:0
[  114299ms] [LOG] [Explorer] Starting tree build... @ http://localhost:8080/postscript.js:0
[  114299ms] [LOG] [Explorer] Fetching content index... @ http://localhost:8080/postscript.js:0
[  114314ms] [LOG] [Explorer] Fetched data keys: [index, linux, tags/linux, tags/命令, tags/index] @ http://localhost:8080/postscript.js:0
[  114314ms] [LOG] [Explorer] Entry count: 5 @ http://localhost:8080/postscript.js:0
[  114314ms] [LOG] [Explorer] Trie root children: 2 @ http://localhost:8080/postscript.js:0
[  114322ms] [LOG] [Explorer] Render generation is current, rendering tree @ http://localhost:8080/postscript.js:0
[  114322ms] [LOG] [Explorer] Trie result: success @ http://localhost:8080/postscript.js:0
[  114322ms] [LOG] [Explorer] Rendering 1 children @ http://localhost:8080/postscript.js:0
[  114323ms] [LOG] [Explorer] Render complete, final list length: 2 @ http://localhost:8080/postscript.js:0
[  114829ms] [LOG] [Explorer] Nav event received, generation: 1 @ http://localhost:8080/postscript.js:0
[  114829ms] [LOG] [Explorer] Found 1 explorers @ http://localhost:8080/postscript.js:0
[  114829ms] [LOG] [Explorer] Starting tree build... @ http://localhost:8080/postscript.js:0
[  114830ms] [LOG] [Explorer] Fetching content index... @ http://localhost:8080/postscript.js:0
[  114852ms] [LOG] [Explorer] Fetched data keys: [index, linux, tags/linux, tags/命令, tags/index] @ http://localhost:8080/postscript.js:0
[  114852ms] [LOG] [Explorer] Entry count: 5 @ http://localhost:8080/postscript.js:0
[  114852ms] [LOG] [Explorer] Trie root children: 2 @ http://localhost:8080/postscript.js:0
[  114860ms] [LOG] [Explorer] Render generation is current, rendering tree @ http://localhost:8080/postscript.js:0
[  114860ms] [LOG] [Explorer] Trie result: success @ http://localhost:8080/postscript.js:0
[  114860ms] [LOG] [Explorer] Rendering 1 children @ http://localhost:8080/postscript.js:0
[  114860ms] [LOG] [Explorer] Render complete, final list length: 2 @ http://localhost:8080/postscript.js:0
[  115362ms] [LOG] [Explorer] Nav event received, generation: 1 @ http://localhost:8080/postscript.js:0
[  115362ms] [LOG] [Explorer] Found 1 explorers @ http://localhost:8080/postscript.js:0
[  115362ms] [LOG] [Explorer] Starting tree build... @ http://localhost:8080/postscript.js:0
[  115362ms] [LOG] [Explorer] Fetching content index... @ http://localhost:8080/postscript.js:0
[  115387ms] [LOG] [Explorer] Fetched data keys: [index, linux, tags/linux, tags/命令, tags/index] @ http://localhost:8080/postscript.js:0
[  115387ms] [LOG] [Explorer] Entry count: 5 @ http://localhost:8080/postscript.js:0
[  115387ms] [LOG] [Explorer] Trie root children: 2 @ http://localhost:8080/postscript.js:0
[  115394ms] [LOG] [Explorer] Render generation is current, rendering tree @ http://localhost:8080/postscript.js:0
[  115395ms] [LOG] [Explorer] Trie result: success @ http://localhost:8080/postscript.js:0
[  115395ms] [LOG] [Explorer] Rendering 1 children @ http://localhost:8080/postscript.js:0
[  115395ms] [LOG] [Explorer] Render complete, final list length: 2 @ http://localhost:8080/postscript.js:0
[  115907ms] [LOG] [Explorer] Nav event received, generation: 1 @ http://localhost:8080/postscript.js:0
[  115907ms] [LOG] [Explorer] Found 1 explorers @ http://localhost:8080/postscript.js:0
[  115908ms] [LOG] [Explorer] Starting tree build... @ http://localhost:8080/postscript.js:0
[  115908ms] [LOG] [Explorer] Fetching content index... @ http://localhost:8080/postscript.js:0
[  115931ms] [LOG] [Explorer] Fetched data keys: [index, linux, tags/linux, tags/命令, tags/index] @ http://localhost:8080/postscript.js:0
[  115931ms] [LOG] [Explorer] Entry count: 5 @ http://localhost:8080/postscript.js:0
[  115931ms] [LOG] [Explorer] Trie root children: 2 @ http://localhost:8080/postscript.js:0
[  115939ms] [LOG] [Explorer] Render generation is current, rendering tree @ http://localhost:8080/postscript.js:0
[  115939ms] [LOG] [Explorer] Trie result: success @ http://localhost:8080/postscript.js:0
[  115939ms] [LOG] [Explorer] Rendering 1 children @ http://localhost:8080/postscript.js:0
[  115939ms] [LOG] [Explorer] Render complete, final list length: 2 @ http://localhost:8080/postscript.js:0
[  116471ms] [LOG] [Explorer] Nav event received, generation: 1 @ http://localhost:8080/postscript.js:0
[  116472ms] [LOG] [Explorer] Found 1 explorers @ http://localhost:8080/postscript.js:0
[  116472ms] [LOG] [Explorer] Starting tree build... @ http://localhost:8080/postscript.js:0
[  116472ms] [LOG] [Explorer] Fetching content index... @ http://localhost:8080/postscript.js:0
[  116503ms] [LOG] [Explorer] Fetched data keys: [index, linux, tags/linux, tags/命令, tags/index] @ http://localhost:8080/postscript.js:0
[  116503ms] [LOG] [Explorer] Entry count: 5 @ http://localhost:8080/postscript.js:0
[  116503ms] [LOG] [Explorer] Trie root children: 2 @ http://localhost:8080/postscript.js:0
[  116513ms] [LOG] [Explorer] Render generation is current, rendering tree @ http://localhost:8080/postscript.js:0
[  116513ms] [LOG] [Explorer] Trie result: success @ http://localhost:8080/postscript.js:0
[  116513ms] [LOG] [Explorer] Rendering 1 children @ http://localhost:8080/postscript.js:0
[  116513ms] [LOG] [Explorer] Render complete, final list length: 2 @ http://localhost:8080/postscript.js:0
[  117021ms] [LOG] [Explorer] Nav event received, generation: 1 @ http://localhost:8080/postscript.js:0
[  117021ms] [LOG] [Explorer] Found 1 explorers @ http://localhost:8080/postscript.js:0
[  117021ms] [LOG] [Explorer] Starting tree build... @ http://localhost:8080/postscript.js:0
[  117021ms] [LOG] [Explorer] Fetching content index... @ http://localhost:8080/postscript.js:0
[  117051ms] [LOG] [Explorer] Fetched data keys: [index, linux, tags/linux, tags/命令, tags/index] @ http://localhost:8080/postscript.js:0
[  117051ms] [LOG] [Explorer] Entry count: 5 @ http://localhost:8080/postscript.js:0
[  117052ms] [LOG] [Explorer] Trie root children: 2 @ http://localhost:8080/postscript.js:0
[  117059ms] [LOG] [Explorer] Render generation is current, rendering tree @ http://localhost:8080/postscript.js:0
[  117059ms] [LOG] [Explorer] Trie result: success @ http://localhost:8080/postscript.js:0
[  117059ms] [LOG] [Explorer] Rendering 1 children @ http://localhost:8080/postscript.js:0
[  117059ms] [LOG] [Explorer] Render complete, final list length: 2 @ http://localhost:8080/postscript.js:0
[  117561ms] [LOG] [Explorer] Nav event received, generation: 1 @ http://localhost:8080/postscript.js:0
[  117561ms] [LOG] [Explorer] Found 1 explorers @ http://localhost:8080/postscript.js:0
[  117561ms] [LOG] [Explorer] Starting tree build... @ http://localhost:8080/postscript.js:0
[  117561ms] [LOG] [Explorer] Fetching content index... @ http://localhost:8080/postscript.js:0
[  117591ms] [LOG] [Explorer] Fetched data keys: [index, linux, tags/linux, tags/命令, tags/index] @ http://localhost:8080/postscript.js:0
[  117591ms] [LOG] [Explorer] Entry count: 5 @ http://localhost:8080/postscript.js:0
[  117591ms] [LOG] [Explorer] Trie root children: 2 @ http://localhost:8080/postscript.js:0
[  117598ms] [LOG] [Explorer] Render generation is current, rendering tree @ http://localhost:8080/postscript.js:0
[  117598ms] [LOG] [Explorer] Trie result: success @ http://localhost:8080/postscript.js:0
[  117599ms] [LOG] [Explorer] Rendering 1 children @ http://localhost:8080/postscript.js:0
[  117599ms] [LOG] [Explorer] Render complete, final list length: 2 @ http://localhost:8080/postscript.js:0
[  118087ms] [LOG] [Explorer] Nav event received, generation: 1 @ http://localhost:8080/postscript.js:0
[  118087ms] [LOG] [Explorer] Found 1 explorers @ http://localhost:8080/postscript.js:0
[  118087ms] [LOG] [Explorer] Starting tree build... @ http://localhost:8080/postscript.js:0
[  118087ms] [LOG] [Explorer] Fetching content index... @ http://localhost:8080/postscript.js:0
[  118111ms] [LOG] [Explorer] Fetched data keys: [index, linux, tags/linux, tags/命令, tags/index] @ http://localhost:8080/postscript.js:0
[  118111ms] [LOG] [Explorer] Entry count: 5 @ http://localhost:8080/postscript.js:0
[  118111ms] [LOG] [Explorer] Trie root children: 2 @ http://localhost:8080/postscript.js:0
[  118118ms] [LOG] [Explorer] Render generation is current, rendering tree @ http://localhost:8080/postscript.js:0
[  118118ms] [LOG] [Explorer] Trie result: success @ http://localhost:8080/postscript.js:0
[  118118ms] [LOG] [Explorer] Rendering 1 children @ http://localhost:8080/postscript.js:0
[  118118ms] [LOG] [Explorer] Render complete, final list length: 2 @ http://localhost:8080/postscript.js:0
[  118622ms] [LOG] [Explorer] Nav event received, generation: 1 @ http://localhost:8080/postscript.js:0
[  118622ms] [LOG] [Explorer] Found 1 explorers @ http://localhost:8080/postscript.js:0
[  118622ms] [LOG] [Explorer] Starting tree build... @ http://localhost:8080/postscript.js:0
[  118622ms] [LOG] [Explorer] Fetching content index... @ http://localhost:8080/postscript.js:0
[  118646ms] [LOG] [Explorer] Fetched data keys: [index, linux, tags/linux, tags/命令, tags/index] @ http://localhost:8080/postscript.js:0
[  118646ms] [LOG] [Explorer] Entry count: 5 @ http://localhost:8080/postscript.js:0
[  118646ms] [LOG] [Explorer] Trie root children: 2 @ http://localhost:8080/postscript.js:0
[  118653ms] [LOG] [Explorer] Render generation is current, rendering tree @ http://localhost:8080/postscript.js:0
[  118653ms] [LOG] [Explorer] Trie result: success @ http://localhost:8080/postscript.js:0
[  118653ms] [LOG] [Explorer] Rendering 1 children @ http://localhost:8080/postscript.js:0
[  118653ms] [LOG] [Explorer] Render complete, final list length: 2 @ http://localhost:8080/postscript.js:0
[  119156ms] [LOG] [Explorer] Nav event received, generation: 1 @ http://localhost:8080/postscript.js:0
[  119156ms] [LOG] [Explorer] Found 1 explorers @ http://localhost:8080/postscript.js:0
[  119156ms] [LOG] [Explorer] Starting tree build... @ http://localhost:8080/postscript.js:0
[  119156ms] [LOG] [Explorer] Fetching content index... @ http://localhost:8080/postscript.js:0
[  119179ms] [LOG] [Explorer] Fetched data keys: [index, linux, tags/linux, tags/命令, tags/index] @ http://localhost:8080/postscript.js:0
[  119179ms] [LOG] [Explorer] Entry count: 5 @ http://localhost:8080/postscript.js:0
[  119179ms] [LOG] [Explorer] Trie root children: 2 @ http://localhost:8080/postscript.js:0
[  119186ms] [LOG] [Explorer] Render generation is current, rendering tree @ http://localhost:8080/postscript.js:0
[  119186ms] [LOG] [Explorer] Trie result: success @ http://localhost:8080/postscript.js:0
[  119186ms] [LOG] [Explorer] Rendering 1 children @ http://localhost:8080/postscript.js:0
[  119186ms] [LOG] [Explorer] Render complete, final list length: 2 @ http://localhost:8080/postscript.js:0
[  119706ms] [LOG] [Explorer] Nav event received, generation: 1 @ http://localhost:8080/postscript.js:0
[  119706ms] [LOG] [Explorer] Found 1 explorers @ http://localhost:8080/postscript.js:0
[  119706ms] [LOG] [Explorer] Starting tree build... @ http://localhost:8080/postscript.js:0
[  119706ms] [LOG] [Explorer] Fetching content index... @ http://localhost:8080/postscript.js:0
[  119739ms] [LOG] [Explorer] Fetched data keys: [index, linux, tags/linux, tags/命令, tags/index] @ http://localhost:8080/postscript.js:0
[  119739ms] [LOG] [Explorer] Entry count: 5 @ http://localhost:8080/postscript.js:0
[  119739ms] [LOG] [Explorer] Trie root children: 2 @ http://localhost:8080/postscript.js:0
[  119746ms] [LOG] [Explorer] Render generation is current, rendering tree @ http://localhost:8080/postscript.js:0
[  119746ms] [LOG] [Explorer] Trie result: success @ http://localhost:8080/postscript.js:0
[  119746ms] [LOG] [Explorer] Rendering 1 children @ http://localhost:8080/postscript.js:0
[  119746ms] [LOG] [Explorer] Render complete, final list length: 2 @ http://localhost:8080/postscript.js:0
[  120244ms] [LOG] [Explorer] Nav event received, generation: 1 @ http://localhost:8080/postscript.js:0
[  120244ms] [LOG] [Explorer] Found 1 explorers @ http://localhost:8080/postscript.js:0
[  120244ms] [LOG] [Explorer] Starting tree build... @ http://localhost:8080/postscript.js:0
[  120244ms] [LOG] [Explorer] Fetching content index... @ http://localhost:8080/postscript.js:0
[  120268ms] [LOG] [Explorer] Fetched data keys: [index, linux, tags/linux, tags/命令, tags/index] @ http://localhost:8080/postscript.js:0
[  120268ms] [LOG] [Explorer] Entry count: 5 @ http://localhost:8080/postscript.js:0
[  120268ms] [LOG] [Explorer] Trie root children: 2 @ http://localhost:8080/postscript.js:0
[  120276ms] [LOG] [Explorer] Render generation is current, rendering tree @ http://localhost:8080/postscript.js:0
[  120276ms] [LOG] [Explorer] Trie result: success @ http://localhost:8080/postscript.js:0
[  120276ms] [LOG] [Explorer] Rendering 1 children @ http://localhost:8080/postscript.js:0
[  120276ms] [LOG] [Explorer] Render complete, final list length: 2 @ http://localhost:8080/postscript.js:0
[  120774ms] [LOG] [Explorer] Nav event received, generation: 1 @ http://localhost:8080/postscript.js:0
[  120774ms] [LOG] [Explorer] Found 1 explorers @ http://localhost:8080/postscript.js:0
[  120774ms] [LOG] [Explorer] Starting tree build... @ http://localhost:8080/postscript.js:0
[  120774ms] [LOG] [Explorer] Fetching content index... @ http://localhost:8080/postscript.js:0
[  120803ms] [LOG] [Explorer] Fetched data keys: [index, linux, tags/linux, tags/命令, tags/index] @ http://localhost:8080/postscript.js:0
[  120803ms] [LOG] [Explorer] Entry count: 5 @ http://localhost:8080/postscript.js:0
[  120803ms] [LOG] [Explorer] Trie root children: 2 @ http://localhost:8080/postscript.js:0
[  120810ms] [LOG] [Explorer] Render generation is current, rendering tree @ http://localhost:8080/postscript.js:0
[  120810ms] [LOG] [Explorer] Trie result: success @ http://localhost:8080/postscript.js:0
[  120811ms] [LOG] [Explorer] Rendering 1 children @ http://localhost:8080/postscript.js:0
[  120811ms] [LOG] [Explorer] Render complete, final list length: 2 @ http://localhost:8080/postscript.js:0
[  121308ms] [LOG] [Explorer] Nav event received, generation: 1 @ http://localhost:8080/postscript.js:0
[  121308ms] [LOG] [Explorer] Found 1 explorers @ http://localhost:8080/postscript.js:0
[  121308ms] [LOG] [Explorer] Starting tree build... @ http://localhost:8080/postscript.js:0
[  121308ms] [LOG] [Explorer] Fetching content index... @ http://localhost:8080/postscript.js:0
[  121345ms] [LOG] [Explorer] Fetched data keys: [index, linux, tags/linux, tags/命令, tags/index] @ http://localhost:8080/postscript.js:0
[  121345ms] [LOG] [Explorer] Entry count: 5 @ http://localhost:8080/postscript.js:0
[  121345ms] [LOG] [Explorer] Trie root children: 2 @ http://localhost:8080/postscript.js:0
[  121352ms] [LOG] [Explorer] Render generation is current, rendering tree @ http://localhost:8080/postscript.js:0
[  121352ms] [LOG] [Explorer] Trie result: success @ http://localhost:8080/postscript.js:0
[  121353ms] [LOG] [Explorer] Rendering 1 children @ http://localhost:8080/postscript.js:0
[  121353ms] [LOG] [Explorer] Render complete, final list length: 2 @ http://localhost:8080/postscript.js:0
[  121849ms] [LOG] [Explorer] Nav event received, generation: 1 @ http://localhost:8080/postscript.js:0
[  121850ms] [LOG] [Explorer] Found 1 explorers @ http://localhost:8080/postscript.js:0
[  121850ms] [LOG] [Explorer] Starting tree build... @ http://localhost:8080/postscript.js:0
[  121850ms] [LOG] [Explorer] Fetching content index... @ http://localhost:8080/postscript.js:0
[  121879ms] [LOG] [Explorer] Fetched data keys: [index, linux, tags/linux, tags/命令, tags/index] @ http://localhost:8080/postscript.js:0
[  121879ms] [LOG] [Explorer] Entry count: 5 @ http://localhost:8080/postscript.js:0
[  121879ms] [LOG] [Explorer] Trie root children: 2 @ http://localhost:8080/postscript.js:0
[  121888ms] [LOG] [Explorer] Render generation is current, rendering tree @ http://localhost:8080/postscript.js:0
[  121888ms] [LOG] [Explorer] Trie result: success @ http://localhost:8080/postscript.js:0
[  121888ms] [LOG] [Explorer] Rendering 1 children @ http://localhost:8080/postscript.js:0
[  121888ms] [LOG] [Explorer] Render complete, final list length: 2 @ http://localhost:8080/postscript.js:0
[  122402ms] [LOG] [Explorer] Nav event received, generation: 1 @ http://localhost:8080/postscript.js:0
[  122402ms] [LOG] [Explorer] Found 1 explorers @ http://localhost:8080/postscript.js:0
[  122402ms] [LOG] [Explorer] Starting tree build... @ http://localhost:8080/postscript.js:0
[  122402ms] [LOG] [Explorer] Fetching content index... @ http://localhost:8080/postscript.js:0
[  122428ms] [LOG] [Explorer] Fetched data keys: [index, linux, tags/linux, tags/命令, tags/index] @ http://localhost:8080/postscript.js:0
[  122428ms] [LOG] [Explorer] Entry count: 5 @ http://localhost:8080/postscript.js:0
[  122428ms] [LOG] [Explorer] Trie root children: 2 @ http://localhost:8080/postscript.js:0
[  122435ms] [LOG] [Explorer] Render generation is current, rendering tree @ http://localhost:8080/postscript.js:0
[  122435ms] [LOG] [Explorer] Trie result: success @ http://localhost:8080/postscript.js:0
[  122435ms] [LOG] [Explorer] Rendering 1 children @ http://localhost:8080/postscript.js:0
[  122436ms] [LOG] [Explorer] Render complete, final list length: 2 @ http://localhost:8080/postscript.js:0
[  122931ms] [LOG] [Explorer] Nav event received, generation: 1 @ http://localhost:8080/postscript.js:0
[  122931ms] [LOG] [Explorer] Found 1 explorers @ http://localhost:8080/postscript.js:0
[  122931ms] [LOG] [Explorer] Starting tree build... @ http://localhost:8080/postscript.js:0
[  122931ms] [LOG] [Explorer] Fetching content index... @ http://localhost:8080/postscript.js:0
[  122964ms] [LOG] [Explorer] Fetched data keys: [index, linux, tags/linux, tags/命令, tags/index] @ http://localhost:8080/postscript.js:0
[  122964ms] [LOG] [Explorer] Entry count: 5 @ http://localhost:8080/postscript.js:0
[  122964ms] [LOG] [Explorer] Trie root children: 2 @ http://localhost:8080/postscript.js:0
[  122972ms] [LOG] [Explorer] Render generation is current, rendering tree @ http://localhost:8080/postscript.js:0
[  122972ms] [LOG] [Explorer] Trie result: success @ http://localhost:8080/postscript.js:0
[  122972ms] [LOG] [Explorer] Rendering 1 children @ http://localhost:8080/postscript.js:0
[  122972ms] [LOG] [Explorer] Render complete, final list length: 2 @ http://localhost:8080/postscript.js:0
[  123459ms] [LOG] [Explorer] Nav event received, generation: 1 @ http://localhost:8080/postscript.js:0
[  123459ms] [LOG] [Explorer] Found 1 explorers @ http://localhost:8080/postscript.js:0
[  123459ms] [LOG] [Explorer] Starting tree build... @ http://localhost:8080/postscript.js:0
[  123460ms] [LOG] [Explorer] Fetching content index... @ http://localhost:8080/postscript.js:0
[  123489ms] [LOG] [Explorer] Fetched data keys: [index, linux, tags/linux, tags/命令, tags/index] @ http://localhost:8080/postscript.js:0
[  123489ms] [LOG] [Explorer] Entry count: 5 @ http://localhost:8080/postscript.js:0
[  123489ms] [LOG] [Explorer] Trie root children: 2 @ http://localhost:8080/postscript.js:0
[  123496ms] [LOG] [Explorer] Render generation is current, rendering tree @ http://localhost:8080/postscript.js:0
[  123496ms] [LOG] [Explorer] Trie result: success @ http://localhost:8080/postscript.js:0
[  123496ms] [LOG] [Explorer] Rendering 1 children @ http://localhost:8080/postscript.js:0
[  123496ms] [LOG] [Explorer] Render complete, final list length: 2 @ http://localhost:8080/postscript.js:0
[  123983ms] [LOG] [Explorer] Nav event received, generation: 1 @ http://localhost:8080/postscript.js:0
[  123983ms] [LOG] [Explorer] Found 1 explorers @ http://localhost:8080/postscript.js:0
[  123983ms] [LOG] [Explorer] Starting tree build... @ http://localhost:8080/postscript.js:0
[  123983ms] [LOG] [Explorer] Fetching content index... @ http://localhost:8080/postscript.js:0
[  124008ms] [LOG] [Explorer] Fetched data keys: [index, linux, tags/linux, tags/命令, tags/index] @ http://localhost:8080/postscript.js:0
[  124008ms] [LOG] [Explorer] Entry count: 5 @ http://localhost:8080/postscript.js:0
[  124008ms] [LOG] [Explorer] Trie root children: 2 @ http://localhost:8080/postscript.js:0
[  124015ms] [LOG] [Explorer] Render generation is current, rendering tree @ http://localhost:8080/postscript.js:0
[  124015ms] [LOG] [Explorer] Trie result: success @ http://localhost:8080/postscript.js:0
[  124015ms] [LOG] [Explorer] Rendering 1 children @ http://localhost:8080/postscript.js:0
[  124015ms] [LOG] [Explorer] Render complete, final list length: 2 @ http://localhost:8080/postscript.js:0
[  124517ms] [LOG] [Explorer] Nav event received, generation: 1 @ http://localhost:8080/postscript.js:0
[  124517ms] [LOG] [Explorer] Found 1 explorers @ http://localhost:8080/postscript.js:0
[  124518ms] [LOG] [Explorer] Starting tree build... @ http://localhost:8080/postscript.js:0
[  124518ms] [LOG] [Explorer] Fetching content index... @ http://localhost:8080/postscript.js:0
[  124548ms] [LOG] [Explorer] Fetched data keys: [index, linux, tags/linux, tags/命令, tags/index] @ http://localhost:8080/postscript.js:0
[  124548ms] [LOG] [Explorer] Entry count: 5 @ http://localhost:8080/postscript.js:0
[  124548ms] [LOG] [Explorer] Trie root children: 2 @ http://localhost:8080/postscript.js:0
[  124555ms] [LOG] [Explorer] Render generation is current, rendering tree @ http://localhost:8080/postscript.js:0
[  124555ms] [LOG] [Explorer] Trie result: success @ http://localhost:8080/postscript.js:0
[  124555ms] [LOG] [Explorer] Rendering 1 children @ http://localhost:8080/postscript.js:0
[  124555ms] [LOG] [Explorer] Render complete, final list length: 2 @ http://localhost:8080/postscript.js:0
[  125057ms] [LOG] [Explorer] Nav event received, generation: 1 @ http://localhost:8080/postscript.js:0
[  125057ms] [LOG] [Explorer] Found 1 explorers @ http://localhost:8080/postscript.js:0
[  125057ms] [LOG] [Explorer] Starting tree build... @ http://localhost:8080/postscript.js:0
[  125057ms] [LOG] [Explorer] Fetching content index... @ http://localhost:8080/postscript.js:0
[  125086ms] [LOG] [Explorer] Fetched data keys: [index, linux, tags/linux, tags/命令, tags/index] @ http://localhost:8080/postscript.js:0
[  125086ms] [LOG] [Explorer] Entry count: 5 @ http://localhost:8080/postscript.js:0
[  125086ms] [LOG] [Explorer] Trie root children: 2 @ http://localhost:8080/postscript.js:0
[  125094ms] [LOG] [Explorer] Render generation is current, rendering tree @ http://localhost:8080/postscript.js:0
[  125094ms] [LOG] [Explorer] Trie result: success @ http://localhost:8080/postscript.js:0
[  125094ms] [LOG] [Explorer] Rendering 1 children @ http://localhost:8080/postscript.js:0
[  125094ms] [LOG] [Explorer] Render complete, final list length: 2 @ http://localhost:8080/postscript.js:0
[  125602ms] [LOG] [Explorer] Nav event received, generation: 1 @ http://localhost:8080/postscript.js:0
[  125603ms] [LOG] [Explorer] Found 1 explorers @ http://localhost:8080/postscript.js:0
[  125603ms] [LOG] [Explorer] Starting tree build... @ http://localhost:8080/postscript.js:0
[  125603ms] [LOG] [Explorer] Fetching content index... @ http://localhost:8080/postscript.js:0
[  125634ms] [LOG] [Explorer] Fetched data keys: [index, linux, tags/linux, tags/命令, tags/index] @ http://localhost:8080/postscript.js:0
[  125634ms] [LOG] [Explorer] Entry count: 5 @ http://localhost:8080/postscript.js:0
[  125634ms] [LOG] [Explorer] Trie root children: 2 @ http://localhost:8080/postscript.js:0
[  125642ms] [LOG] [Explorer] Render generation is current, rendering tree @ http://localhost:8080/postscript.js:0
[  125642ms] [LOG] [Explorer] Trie result: success @ http://localhost:8080/postscript.js:0
[  125642ms] [LOG] [Explorer] Rendering 1 children @ http://localhost:8080/postscript.js:0
[  125642ms] [LOG] [Explorer] Render complete, final list length: 2 @ http://localhost:8080/postscript.js:0
[  126134ms] [LOG] [Explorer] Nav event received, generation: 1 @ http://localhost:8080/postscript.js:0
[  126134ms] [LOG] [Explorer] Found 1 explorers @ http://localhost:8080/postscript.js:0
[  126134ms] [LOG] [Explorer] Starting tree build... @ http://localhost:8080/postscript.js:0
[  126135ms] [LOG] [Explorer] Fetching content index... @ http://localhost:8080/postscript.js:0
[  126165ms] [LOG] [Explorer] Fetched data keys: [index, linux, tags/linux, tags/命令, tags/index] @ http://localhost:8080/postscript.js:0
[  126165ms] [LOG] [Explorer] Entry count: 5 @ http://localhost:8080/postscript.js:0
[  126165ms] [LOG] [Explorer] Trie root children: 2 @ http://localhost:8080/postscript.js:0
[  126172ms] [LOG] [Explorer] Render generation is current, rendering tree @ http://localhost:8080/postscript.js:0
[  126173ms] [LOG] [Explorer] Trie result: success @ http://localhost:8080/postscript.js:0
[  126173ms] [LOG] [Explorer] Rendering 1 children @ http://localhost:8080/postscript.js:0
[  126173ms] [LOG] [Explorer] Render complete, final list length: 2 @ http://localhost:8080/postscript.js:0
[  126680ms] [LOG] [Explorer] Nav event received, generation: 1 @ http://localhost:8080/postscript.js:0
[  126680ms] [LOG] [Explorer] Found 1 explorers @ http://localhost:8080/postscript.js:0
[  126681ms] [LOG] [Explorer] Starting tree build... @ http://localhost:8080/postscript.js:0
[  126681ms] [LOG] [Explorer] Fetching content index... @ http://localhost:8080/postscript.js:0
[  126701ms] [LOG] [Explorer] Fetched data keys: [index, linux, tags/linux, tags/命令, tags/index] @ http://localhost:8080/postscript.js:0
[  126702ms] [LOG] [Explorer] Entry count: 5 @ http://localhost:8080/postscript.js:0
[  126702ms] [LOG] [Explorer] Trie root children: 2 @ http://localhost:8080/postscript.js:0
[  126709ms] [LOG] [Explorer] Render generation is current, rendering tree @ http://localhost:8080/postscript.js:0
[  126709ms] [LOG] [Explorer] Trie result: success @ http://localhost:8080/postscript.js:0
[  126709ms] [LOG] [Explorer] Rendering 1 children @ http://localhost:8080/postscript.js:0
[  126709ms] [LOG] [Explorer] Render complete, final list length: 2 @ http://localhost:8080/postscript.js:0
[  127219ms] [LOG] [Explorer] Nav event received, generation: 1 @ http://localhost:8080/postscript.js:0
[  127220ms] [LOG] [Explorer] Found 1 explorers @ http://localhost:8080/postscript.js:0
[  127220ms] [LOG] [Explorer] Starting tree build... @ http://localhost:8080/postscript.js:0
[  127220ms] [LOG] [Explorer] Fetching content index... @ http://localhost:8080/postscript.js:0
[  127249ms] [LOG] [Explorer] Fetched data keys: [index, linux, tags/linux, tags/命令, tags/index] @ http://localhost:8080/postscript.js:0
[  127249ms] [LOG] [Explorer] Entry count: 5 @ http://localhost:8080/postscript.js:0
[  127249ms] [LOG] [Explorer] Trie root children: 2 @ http://localhost:8080/postscript.js:0
[  127256ms] [LOG] [Explorer] Render generation is current, rendering tree @ http://localhost:8080/postscript.js:0
[  127256ms] [LOG] [Explorer] Trie result: success @ http://localhost:8080/postscript.js:0
[  127256ms] [LOG] [Explorer] Rendering 1 children @ http://localhost:8080/postscript.js:0
[  127256ms] [LOG] [Explorer] Render complete, final list length: 2 @ http://localhost:8080/postscript.js:0
[  127757ms] [LOG] [Explorer] Nav event received, generation: 1 @ http://localhost:8080/postscript.js:0
[  127757ms] [LOG] [Explorer] Found 1 explorers @ http://localhost:8080/postscript.js:0
[  127757ms] [LOG] [Explorer] Starting tree build... @ http://localhost:8080/postscript.js:0
[  127757ms] [LOG] [Explorer] Fetching content index... @ http://localhost:8080/postscript.js:0
[  127781ms] [LOG] [Explorer] Fetched data keys: [index, linux, tags/linux, tags/命令, tags/index] @ http://localhost:8080/postscript.js:0
[  127782ms] [LOG] [Explorer] Entry count: 5 @ http://localhost:8080/postscript.js:0
[  127782ms] [LOG] [Explorer] Trie root children: 2 @ http://localhost:8080/postscript.js:0
[  127788ms] [LOG] [Explorer] Render generation is current, rendering tree @ http://localhost:8080/postscript.js:0
[  127788ms] [LOG] [Explorer] Trie result: success @ http://localhost:8080/postscript.js:0
[  127788ms] [LOG] [Explorer] Rendering 1 children @ http://localhost:8080/postscript.js:0
[  127788ms] [LOG] [Explorer] Render complete, final list length: 2 @ http://localhost:8080/postscript.js:0
[  128294ms] [LOG] [Explorer] Nav event received, generation: 1 @ http://localhost:8080/postscript.js:0
[  128294ms] [LOG] [Explorer] Found 1 explorers @ http://localhost:8080/postscript.js:0
[  128294ms] [LOG] [Explorer] Starting tree build... @ http://localhost:8080/postscript.js:0
[  128294ms] [LOG] [Explorer] Fetching content index... @ http://localhost:8080/postscript.js:0
[  128323ms] [LOG] [Explorer] Fetched data keys: [index, linux, tags/linux, tags/命令, tags/index] @ http://localhost:8080/postscript.js:0
[  128324ms] [LOG] [Explorer] Entry count: 5 @ http://localhost:8080/postscript.js:0
[  128324ms] [LOG] [Explorer] Trie root children: 2 @ http://localhost:8080/postscript.js:0
[  128331ms] [LOG] [Explorer] Render generation is current, rendering tree @ http://localhost:8080/postscript.js:0
[  128331ms] [LOG] [Explorer] Trie result: success @ http://localhost:8080/postscript.js:0
[  128331ms] [LOG] [Explorer] Rendering 1 children @ http://localhost:8080/postscript.js:0
[  128331ms] [LOG] [Explorer] Render complete, final list length: 2 @ http://localhost:8080/postscript.js:0
[  128828ms] [LOG] [Explorer] Nav event received, generation: 1 @ http://localhost:8080/postscript.js:0
[  128829ms] [LOG] [Explorer] Found 1 explorers @ http://localhost:8080/postscript.js:0
[  128829ms] [LOG] [Explorer] Starting tree build... @ http://localhost:8080/postscript.js:0
[  128829ms] [LOG] [Explorer] Fetching content index... @ http://localhost:8080/postscript.js:0
[  128853ms] [LOG] [Explorer] Fetched data keys: [index, linux, tags/linux, tags/命令, tags/index] @ http://localhost:8080/postscript.js:0
[  128853ms] [LOG] [Explorer] Entry count: 5 @ http://localhost:8080/postscript.js:0
[  128854ms] [LOG] [Explorer] Trie root children: 2 @ http://localhost:8080/postscript.js:0
[  128861ms] [LOG] [Explorer] Render generation is current, rendering tree @ http://localhost:8080/postscript.js:0
[  128861ms] [LOG] [Explorer] Trie result: success @ http://localhost:8080/postscript.js:0
[  128861ms] [LOG] [Explorer] Rendering 1 children @ http://localhost:8080/postscript.js:0
[  128861ms] [LOG] [Explorer] Render complete, final list length: 2 @ http://localhost:8080/postscript.js:0
[  129384ms] [LOG] [Explorer] Nav event received, generation: 1 @ http://localhost:8080/postscript.js:0
[  129384ms] [LOG] [Explorer] Found 1 explorers @ http://localhost:8080/postscript.js:0
[  129384ms] [LOG] [Explorer] Starting tree build... @ http://localhost:8080/postscript.js:0
[  129384ms] [LOG] [Explorer] Fetching content index... @ http://localhost:8080/postscript.js:0
[  129411ms] [LOG] [Explorer] Fetched data keys: [index, linux, tags/linux, tags/命令, tags/index] @ http://localhost:8080/postscript.js:0
[  129411ms] [LOG] [Explorer] Entry count: 5 @ http://localhost:8080/postscript.js:0
[  129411ms] [LOG] [Explorer] Trie root children: 2 @ http://localhost:8080/postscript.js:0
[  129420ms] [LOG] [Explorer] Render generation is current, rendering tree @ http://localhost:8080/postscript.js:0
[  129420ms] [LOG] [Explorer] Trie result: success @ http://localhost:8080/postscript.js:0
[  129420ms] [LOG] [Explorer] Rendering 1 children @ http://localhost:8080/postscript.js:0
[  129420ms] [LOG] [Explorer] Render complete, final list length: 2 @ http://localhost:8080/postscript.js:0
[  129918ms] [LOG] [Explorer] Nav event received, generation: 1 @ http://localhost:8080/postscript.js:0
[  129918ms] [LOG] [Explorer] Found 1 explorers @ http://localhost:8080/postscript.js:0
[  129918ms] [LOG] [Explorer] Starting tree build... @ http://localhost:8080/postscript.js:0
[  129918ms] [LOG] [Explorer] Fetching content index... @ http://localhost:8080/postscript.js:0
[  129943ms] [LOG] [Explorer] Fetched data keys: [index, linux, tags/linux, tags/命令, tags/index] @ http://localhost:8080/postscript.js:0
[  129943ms] [LOG] [Explorer] Entry count: 5 @ http://localhost:8080/postscript.js:0
[  129943ms] [LOG] [Explorer] Trie root children: 2 @ http://localhost:8080/postscript.js:0
[  129951ms] [LOG] [Explorer] Render generation is current, rendering tree @ http://localhost:8080/postscript.js:0
[  129951ms] [LOG] [Explorer] Trie result: success @ http://localhost:8080/postscript.js:0
[  129951ms] [LOG] [Explorer] Rendering 1 children @ http://localhost:8080/postscript.js:0
[  129951ms] [LOG] [Explorer] Render complete, final list length: 2 @ http://localhost:8080/postscript.js:0
[  130446ms] [LOG] [Explorer] Nav event received, generation: 1 @ http://localhost:8080/postscript.js:0
[  130446ms] [LOG] [Explorer] Found 1 explorers @ http://localhost:8080/postscript.js:0
[  130446ms] [LOG] [Explorer] Starting tree build... @ http://localhost:8080/postscript.js:0
[  130446ms] [LOG] [Explorer] Fetching content index... @ http://localhost:8080/postscript.js:0
[  130476ms] [LOG] [Explorer] Fetched data keys: [index, linux, tags/linux, tags/命令, tags/index] @ http://localhost:8080/postscript.js:0
[  130476ms] [LOG] [Explorer] Entry count: 5 @ http://localhost:8080/postscript.js:0
[  130476ms] [LOG] [Explorer] Trie root children: 2 @ http://localhost:8080/postscript.js:0
[  130483ms] [LOG] [Explorer] Render generation is current, rendering tree @ http://localhost:8080/postscript.js:0
[  130483ms] [LOG] [Explorer] Trie result: success @ http://localhost:8080/postscript.js:0
[  130483ms] [LOG] [Explorer] Rendering 1 children @ http://localhost:8080/postscript.js:0
[  130483ms] [LOG] [Explorer] Render complete, final list length: 2 @ http://localhost:8080/postscript.js:0
[  130981ms] [LOG] [Explorer] Nav event received, generation: 1 @ http://localhost:8080/postscript.js:0
[  130981ms] [LOG] [Explorer] Found 1 explorers @ http://localhost:8080/postscript.js:0
[  130981ms] [LOG] [Explorer] Starting tree build... @ http://localhost:8080/postscript.js:0
[  130981ms] [LOG] [Explorer] Fetching content index... @ http://localhost:8080/postscript.js:0
[  131011ms] [LOG] [Explorer] Fetched data keys: [index, linux, tags/linux, tags/命令, tags/index] @ http://localhost:8080/postscript.js:0
[  131011ms] [LOG] [Explorer] Entry count: 5 @ http://localhost:8080/postscript.js:0
[  131011ms] [LOG] [Explorer] Trie root children: 2 @ http://localhost:8080/postscript.js:0
[  131020ms] [LOG] [Explorer] Render generation is current, rendering tree @ http://localhost:8080/postscript.js:0
[  131020ms] [LOG] [Explorer] Trie result: success @ http://localhost:8080/postscript.js:0
[  131020ms] [LOG] [Explorer] Rendering 1 children @ http://localhost:8080/postscript.js:0
[  131020ms] [LOG] [Explorer] Render complete, final list length: 2 @ http://localhost:8080/postscript.js:0
[  131522ms] [LOG] [Explorer] Nav event received, generation: 1 @ http://localhost:8080/postscript.js:0
[  131522ms] [LOG] [Explorer] Found 1 explorers @ http://localhost:8080/postscript.js:0
[  131522ms] [LOG] [Explorer] Starting tree build... @ http://localhost:8080/postscript.js:0
[  131522ms] [LOG] [Explorer] Fetching content index... @ http://localhost:8080/postscript.js:0
[  131547ms] [LOG] [Explorer] Fetched data keys: [index, linux, tags/linux, tags/命令, tags/index] @ http://localhost:8080/postscript.js:0
[  131547ms] [LOG] [Explorer] Entry count: 5 @ http://localhost:8080/postscript.js:0
[  131547ms] [LOG] [Explorer] Trie root children: 2 @ http://localhost:8080/postscript.js:0
[  131556ms] [LOG] [Explorer] Render generation is current, rendering tree @ http://localhost:8080/postscript.js:0
[  131556ms] [LOG] [Explorer] Trie result: success @ http://localhost:8080/postscript.js:0
[  131556ms] [LOG] [Explorer] Rendering 1 children @ http://localhost:8080/postscript.js:0
[  131556ms] [LOG] [Explorer] Render complete, final list length: 2 @ http://localhost:8080/postscript.js:0
[  132077ms] [LOG] [Explorer] Nav event received, generation: 1 @ http://localhost:8080/postscript.js:0
[  132077ms] [LOG] [Explorer] Found 1 explorers @ http://localhost:8080/postscript.js:0
[  132077ms] [LOG] [Explorer] Starting tree build... @ http://localhost:8080/postscript.js:0
[  132077ms] [LOG] [Explorer] Fetching content index... @ http://localhost:8080/postscript.js:0
[  132100ms] [LOG] [Explorer] Fetched data keys: [index, linux, tags/linux, tags/命令, tags/index] @ http://localhost:8080/postscript.js:0
[  132101ms] [LOG] [Explorer] Entry count: 5 @ http://localhost:8080/postscript.js:0
[  132101ms] [LOG] [Explorer] Trie root children: 2 @ http://localhost:8080/postscript.js:0
[  132108ms] [LOG] [Explorer] Render generation is current, rendering tree @ http://localhost:8080/postscript.js:0
[  132108ms] [LOG] [Explorer] Trie result: success @ http://localhost:8080/postscript.js:0
[  132108ms] [LOG] [Explorer] Rendering 1 children @ http://localhost:8080/postscript.js:0
[  132108ms] [LOG] [Explorer] Render complete, final list length: 2 @ http://localhost:8080/postscript.js:0
[  132624ms] [LOG] [Explorer] Nav event received, generation: 1 @ http://localhost:8080/postscript.js:0
[  132624ms] [LOG] [Explorer] Found 1 explorers @ http://localhost:8080/postscript.js:0
[  132625ms] [LOG] [Explorer] Starting tree build... @ http://localhost:8080/postscript.js:0
[  132625ms] [LOG] [Explorer] Fetching content index... @ http://localhost:8080/postscript.js:0
[  132650ms] [LOG] [Explorer] Fetched data keys: [index, linux, tags/linux, tags/命令, tags/index] @ http://localhost:8080/postscript.js:0
[  132650ms] [LOG] [Explorer] Entry count: 5 @ http://localhost:8080/postscript.js:0
[  132650ms] [LOG] [Explorer] Trie root children: 2 @ http://localhost:8080/postscript.js:0
[  132658ms] [LOG] [Explorer] Render generation is current, rendering tree @ http://localhost:8080/postscript.js:0
[  132658ms] [LOG] [Explorer] Trie result: success @ http://localhost:8080/postscript.js:0
[  132658ms] [LOG] [Explorer] Rendering 1 children @ http://localhost:8080/postscript.js:0
[  132658ms] [LOG] [Explorer] Render complete, final list length: 2 @ http://localhost:8080/postscript.js:0
[  133162ms] [LOG] [Explorer] Nav event received, generation: 1 @ http://localhost:8080/postscript.js:0
[  133163ms] [LOG] [Explorer] Found 1 explorers @ http://localhost:8080/postscript.js:0
[  133163ms] [LOG] [Explorer] Starting tree build... @ http://localhost:8080/postscript.js:0
[  133163ms] [LOG] [Explorer] Fetching content index... @ http://localhost:8080/postscript.js:0
[  133194ms] [LOG] [Explorer] Fetched data keys: [index, linux, tags/linux, tags/命令, tags/index] @ http://localhost:8080/postscript.js:0
[  133194ms] [LOG] [Explorer] Entry count: 5 @ http://localhost:8080/postscript.js:0
[  133194ms] [LOG] [Explorer] Trie root children: 2 @ http://localhost:8080/postscript.js:0
[  133202ms] [LOG] [Explorer] Render generation is current, rendering tree @ http://localhost:8080/postscript.js:0
[  133202ms] [LOG] [Explorer] Trie result: success @ http://localhost:8080/postscript.js:0
[  133202ms] [LOG] [Explorer] Rendering 1 children @ http://localhost:8080/postscript.js:0
[  133203ms] [LOG] [Explorer] Render complete, final list length: 2 @ http://localhost:8080/postscript.js:0
[  133697ms] [LOG] [Explorer] Nav event received, generation: 1 @ http://localhost:8080/postscript.js:0
[  133697ms] [LOG] [Explorer] Found 1 explorers @ http://localhost:8080/postscript.js:0
[  133698ms] [LOG] [Explorer] Starting tree build... @ http://localhost:8080/postscript.js:0
[  133698ms] [LOG] [Explorer] Fetching content index... @ http://localhost:8080/postscript.js:0
[  133726ms] [LOG] [Explorer] Fetched data keys: [index, linux, tags/linux, tags/命令, tags/index] @ http://localhost:8080/postscript.js:0
[  133727ms] [LOG] [Explorer] Entry count: 5 @ http://localhost:8080/postscript.js:0
[  133727ms] [LOG] [Explorer] Trie root children: 2 @ http://localhost:8080/postscript.js:0
[  133735ms] [LOG] [Explorer] Render generation is current, rendering tree @ http://localhost:8080/postscript.js:0
[  133735ms] [LOG] [Explorer] Trie result: success @ http://localhost:8080/postscript.js:0
[  133735ms] [LOG] [Explorer] Rendering 1 children @ http://localhost:8080/postscript.js:0
[  133735ms] [LOG] [Explorer] Render complete, final list length: 2 @ http://localhost:8080/postscript.js:0
[  134245ms] [LOG] [Explorer] Nav event received, generation: 1 @ http://localhost:8080/postscript.js:0
[  134245ms] [LOG] [Explorer] Found 1 explorers @ http://localhost:8080/postscript.js:0
[  134245ms] [LOG] [Explorer] Starting tree build... @ http://localhost:8080/postscript.js:0
[  134245ms] [LOG] [Explorer] Fetching content index... @ http://localhost:8080/postscript.js:0
[  134274ms] [LOG] [Explorer] Fetched data keys: [index, linux, tags/linux, tags/命令, tags/index] @ http://localhost:8080/postscript.js:0
[  134274ms] [LOG] [Explorer] Entry count: 5 @ http://localhost:8080/postscript.js:0
[  134274ms] [LOG] [Explorer] Trie root children: 2 @ http://localhost:8080/postscript.js:0
[  134282ms] [LOG] [Explorer] Render generation is current, rendering tree @ http://localhost:8080/postscript.js:0
[  134282ms] [LOG] [Explorer] Trie result: success @ http://localhost:8080/postscript.js:0
[  134282ms] [LOG] [Explorer] Rendering 1 children @ http://localhost:8080/postscript.js:0
[  134282ms] [LOG] [Explorer] Render complete, final list length: 2 @ http://localhost:8080/postscript.js:0
[  134796ms] [LOG] [Explorer] Nav event received, generation: 1 @ http://localhost:8080/postscript.js:0
[  134796ms] [LOG] [Explorer] Found 1 explorers @ http://localhost:8080/postscript.js:0
[  134796ms] [LOG] [Explorer] Starting tree build... @ http://localhost:8080/postscript.js:0
[  134796ms] [LOG] [Explorer] Fetching content index... @ http://localhost:8080/postscript.js:0
[  134819ms] [LOG] [Explorer] Fetched data keys: [index, linux, tags/linux, tags/命令, tags/index] @ http://localhost:8080/postscript.js:0
[  134819ms] [LOG] [Explorer] Entry count: 5 @ http://localhost:8080/postscript.js:0
[  134819ms] [LOG] [Explorer] Trie root children: 2 @ http://localhost:8080/postscript.js:0
[  134826ms] [LOG] [Explorer] Render generation is current, rendering tree @ http://localhost:8080/postscript.js:0
[  134827ms] [LOG] [Explorer] Trie result: success @ http://localhost:8080/postscript.js:0
[  134827ms] [LOG] [Explorer] Rendering 1 children @ http://localhost:8080/postscript.js:0
[  134827ms] [LOG] [Explorer] Render complete, final list length: 2 @ http://localhost:8080/postscript.js:0
[  135349ms] [LOG] [Explorer] Nav event received, generation: 1 @ http://localhost:8080/postscript.js:0
[  135349ms] [LOG] [Explorer] Found 1 explorers @ http://localhost:8080/postscript.js:0
[  135350ms] [LOG] [Explorer] Starting tree build... @ http://localhost:8080/postscript.js:0
[  135350ms] [LOG] [Explorer] Fetching content index... @ http://localhost:8080/postscript.js:0
[  135364ms] [LOG] [Explorer] Fetched data keys: [index, linux, tags/linux, tags/命令, tags/index] @ http://localhost:8080/postscript.js:0
[  135364ms] [LOG] [Explorer] Entry count: 5 @ http://localhost:8080/postscript.js:0
[  135364ms] [LOG] [Explorer] Trie root children: 2 @ http://localhost:8080/postscript.js:0
[  135371ms] [LOG] [Explorer] Render generation is current, rendering tree @ http://localhost:8080/postscript.js:0
[  135371ms] [LOG] [Explorer] Trie result: success @ http://localhost:8080/postscript.js:0
[  135371ms] [LOG] [Explorer] Rendering 1 children @ http://localhost:8080/postscript.js:0
[  135371ms] [LOG] [Explorer] Render complete, final list length: 2 @ http://localhost:8080/postscript.js:0
[  135892ms] [LOG] [Explorer] Nav event received, generation: 1 @ http://localhost:8080/postscript.js:0
[  135892ms] [LOG] [Explorer] Found 1 explorers @ http://localhost:8080/postscript.js:0
[  135892ms] [LOG] [Explorer] Starting tree build... @ http://localhost:8080/postscript.js:0
[  135892ms] [LOG] [Explorer] Fetching content index... @ http://localhost:8080/postscript.js:0
[  135920ms] [LOG] [Explorer] Fetched data keys: [index, linux, tags/linux, tags/命令, tags/index] @ http://localhost:8080/postscript.js:0
[  135920ms] [LOG] [Explorer] Entry count: 5 @ http://localhost:8080/postscript.js:0
[  135920ms] [LOG] [Explorer] Trie root children: 2 @ http://localhost:8080/postscript.js:0
[  135928ms] [LOG] [Explorer] Render generation is current, rendering tree @ http://localhost:8080/postscript.js:0
[  135928ms] [LOG] [Explorer] Trie result: success @ http://localhost:8080/postscript.js:0
[  135928ms] [LOG] [Explorer] Rendering 1 children @ http://localhost:8080/postscript.js:0
[  135928ms] [LOG] [Explorer] Render complete, final list length: 2 @ http://localhost:8080/postscript.js:0
[  136435ms] [LOG] [Explorer] Nav event received, generation: 1 @ http://localhost:8080/postscript.js:0
[  136435ms] [LOG] [Explorer] Found 1 explorers @ http://localhost:8080/postscript.js:0
[  136435ms] [LOG] [Explorer] Starting tree build... @ http://localhost:8080/postscript.js:0
[  136435ms] [LOG] [Explorer] Fetching content index... @ http://localhost:8080/postscript.js:0
[  136466ms] [LOG] [Explorer] Fetched data keys: [index, linux, tags/linux, tags/命令, tags/index] @ http://localhost:8080/postscript.js:0
[  136466ms] [LOG] [Explorer] Entry count: 5 @ http://localhost:8080/postscript.js:0
[  136466ms] [LOG] [Explorer] Trie root children: 2 @ http://localhost:8080/postscript.js:0
[  136474ms] [LOG] [Explorer] Render generation is current, rendering tree @ http://localhost:8080/postscript.js:0
[  136474ms] [LOG] [Explorer] Trie result: success @ http://localhost:8080/postscript.js:0
[  136475ms] [LOG] [Explorer] Rendering 1 children @ http://localhost:8080/postscript.js:0
[  136475ms] [LOG] [Explorer] Render complete, final list length: 2 @ http://localhost:8080/postscript.js:0
[  136976ms] [LOG] [Explorer] Nav event received, generation: 1 @ http://localhost:8080/postscript.js:0
[  136976ms] [LOG] [Explorer] Found 1 explorers @ http://localhost:8080/postscript.js:0
[  136976ms] [LOG] [Explorer] Starting tree build... @ http://localhost:8080/postscript.js:0
[  136976ms] [LOG] [Explorer] Fetching content index... @ http://localhost:8080/postscript.js:0
[  137005ms] [LOG] [Explorer] Fetched data keys: [index, linux, tags/linux, tags/命令, tags/index] @ http://localhost:8080/postscript.js:0
[  137005ms] [LOG] [Explorer] Entry count: 5 @ http://localhost:8080/postscript.js:0
[  137005ms] [LOG] [Explorer] Trie root children: 2 @ http://localhost:8080/postscript.js:0
[  137012ms] [LOG] [Explorer] Render generation is current, rendering tree @ http://localhost:8080/postscript.js:0
[  137012ms] [LOG] [Explorer] Trie result: success @ http://localhost:8080/postscript.js:0
[  137012ms] [LOG] [Explorer] Rendering 1 children @ http://localhost:8080/postscript.js:0
[  137013ms] [LOG] [Explorer] Render complete, final list length: 2 @ http://localhost:8080/postscript.js:0
[  137509ms] [LOG] [Explorer] Nav event received, generation: 1 @ http://localhost:8080/postscript.js:0
[  137509ms] [LOG] [Explorer] Found 1 explorers @ http://localhost:8080/postscript.js:0
[  137509ms] [LOG] [Explorer] Starting tree build... @ http://localhost:8080/postscript.js:0
[  137509ms] [LOG] [Explorer] Fetching content index... @ http://localhost:8080/postscript.js:0
[  137534ms] [LOG] [Explorer] Fetched data keys: [index, linux, tags/linux, tags/命令, tags/index] @ http://localhost:8080/postscript.js:0
[  137534ms] [LOG] [Explorer] Entry count: 5 @ http://localhost:8080/postscript.js:0
[  137534ms] [LOG] [Explorer] Trie root children: 2 @ http://localhost:8080/postscript.js:0
[  137543ms] [LOG] [Explorer] Render generation is current, rendering tree @ http://localhost:8080/postscript.js:0
[  137543ms] [LOG] [Explorer] Trie result: success @ http://localhost:8080/postscript.js:0
[  137543ms] [LOG] [Explorer] Rendering 1 children @ http://localhost:8080/postscript.js:0
[  137543ms] [LOG] [Explorer] Render complete, final list length: 2 @ http://localhost:8080/postscript.js:0
[  138042ms] [LOG] [Explorer] Nav event received, generation: 1 @ http://localhost:8080/postscript.js:0
[  138042ms] [LOG] [Explorer] Found 1 explorers @ http://localhost:8080/postscript.js:0
[  138042ms] [LOG] [Explorer] Starting tree build... @ http://localhost:8080/postscript.js:0
[  138042ms] [LOG] [Explorer] Fetching content index... @ http://localhost:8080/postscript.js:0
[  138065ms] [LOG] [Explorer] Fetched data keys: [index, linux, tags/linux, tags/命令, tags/index] @ http://localhost:8080/postscript.js:0
[  138066ms] [LOG] [Explorer] Entry count: 5 @ http://localhost:8080/postscript.js:0
[  138066ms] [LOG] [Explorer] Trie root children: 2 @ http://localhost:8080/postscript.js:0
[  138073ms] [LOG] [Explorer] Render generation is current, rendering tree @ http://localhost:8080/postscript.js:0
[  138074ms] [LOG] [Explorer] Trie result: success @ http://localhost:8080/postscript.js:0
[  138074ms] [LOG] [Explorer] Rendering 1 children @ http://localhost:8080/postscript.js:0
[  138074ms] [LOG] [Explorer] Render complete, final list length: 2 @ http://localhost:8080/postscript.js:0
[  138583ms] [LOG] [Explorer] Nav event received, generation: 1 @ http://localhost:8080/postscript.js:0
[  138583ms] [LOG] [Explorer] Found 1 explorers @ http://localhost:8080/postscript.js:0
[  138583ms] [LOG] [Explorer] Starting tree build... @ http://localhost:8080/postscript.js:0
[  138583ms] [LOG] [Explorer] Fetching content index... @ http://localhost:8080/postscript.js:0
[  138597ms] [LOG] [Explorer] Fetched data keys: [index, linux, tags/linux, tags/命令, tags/index] @ http://localhost:8080/postscript.js:0
[  138597ms] [LOG] [Explorer] Entry count: 5 @ http://localhost:8080/postscript.js:0
[  138598ms] [LOG] [Explorer] Trie root children: 2 @ http://localhost:8080/postscript.js:0
[  138604ms] [LOG] [Explorer] Render generation is current, rendering tree @ http://localhost:8080/postscript.js:0
[  138604ms] [LOG] [Explorer] Trie result: success @ http://localhost:8080/postscript.js:0
[  138604ms] [LOG] [Explorer] Rendering 1 children @ http://localhost:8080/postscript.js:0
[  138605ms] [LOG] [Explorer] Render complete, final list length: 2 @ http://localhost:8080/postscript.js:0
[  139126ms] [LOG] [Explorer] Nav event received, generation: 1 @ http://localhost:8080/postscript.js:0
[  139126ms] [LOG] [Explorer] Found 1 explorers @ http://localhost:8080/postscript.js:0
[  139126ms] [LOG] [Explorer] Starting tree build... @ http://localhost:8080/postscript.js:0
[  139126ms] [LOG] [Explorer] Fetching content index... @ http://localhost:8080/postscript.js:0
[  139157ms] [LOG] [Explorer] Fetched data keys: [index, linux, tags/linux, tags/命令, tags/index] @ http://localhost:8080/postscript.js:0
[  139157ms] [LOG] [Explorer] Entry count: 5 @ http://localhost:8080/postscript.js:0
[  139157ms] [LOG] [Explorer] Trie root children: 2 @ http://localhost:8080/postscript.js:0
[  139164ms] [LOG] [Explorer] Render generation is current, rendering tree @ http://localhost:8080/postscript.js:0
[  139164ms] [LOG] [Explorer] Trie result: success @ http://localhost:8080/postscript.js:0
[  139164ms] [LOG] [Explorer] Rendering 1 children @ http://localhost:8080/postscript.js:0
[  139164ms] [LOG] [Explorer] Render complete, final list length: 2 @ http://localhost:8080/postscript.js:0
[  139665ms] [LOG] [Explorer] Nav event received, generation: 1 @ http://localhost:8080/postscript.js:0
[  139665ms] [LOG] [Explorer] Found 1 explorers @ http://localhost:8080/postscript.js:0
[  139665ms] [LOG] [Explorer] Starting tree build... @ http://localhost:8080/postscript.js:0
[  139665ms] [LOG] [Explorer] Fetching content index... @ http://localhost:8080/postscript.js:0
[  139688ms] [LOG] [Explorer] Fetched data keys: [index, linux, tags/linux, tags/命令, tags/index] @ http://localhost:8080/postscript.js:0
[  139688ms] [LOG] [Explorer] Entry count: 5 @ http://localhost:8080/postscript.js:0
[  139688ms] [LOG] [Explorer] Trie root children: 2 @ http://localhost:8080/postscript.js:0
[  139696ms] [LOG] [Explorer] Render generation is current, rendering tree @ http://localhost:8080/postscript.js:0
[  139696ms] [LOG] [Explorer] Trie result: success @ http://localhost:8080/postscript.js:0
[  139696ms] [LOG] [Explorer] Rendering 1 children @ http://localhost:8080/postscript.js:0
[  139696ms] [LOG] [Explorer] Render complete, final list length: 2 @ http://localhost:8080/postscript.js:0
[  140768ms] [LOG] [Explorer] Nav event received, generation: 1 @ http://localhost:8080/postscript.js:0
[  140768ms] [LOG] [Explorer] Found 1 explorers @ http://localhost:8080/postscript.js:0
[  140768ms] [LOG] [Explorer] Starting tree build... @ http://localhost:8080/postscript.js:0
[  140768ms] [LOG] [Explorer] Fetching content index... @ http://localhost:8080/postscript.js:0
[  140801ms] [LOG] [Explorer] Fetched data keys: [index, linux, tags/linux, tags/命令, tags/index] @ http://localhost:8080/postscript.js:0
[  140801ms] [LOG] [Explorer] Entry count: 5 @ http://localhost:8080/postscript.js:0
[  140801ms] [LOG] [Explorer] Trie root children: 2 @ http://localhost:8080/postscript.js:0
[  140809ms] [LOG] [Explorer] Render generation is current, rendering tree @ http://localhost:8080/postscript.js:0
[  140809ms] [LOG] [Explorer] Trie result: success @ http://localhost:8080/postscript.js:0
[  140809ms] [LOG] [Explorer] Rendering 1 children @ http://localhost:8080/postscript.js:0
[  140809ms] [LOG] [Explorer] Render complete, final list length: 2 @ http://localhost:8080/postscript.js:0
[  142114ms] [LOG] [Explorer] Nav event received, generation: 1 @ http://localhost:8080/postscript.js:0
[  142114ms] [LOG] [Explorer] Found 1 explorers @ http://localhost:8080/postscript.js:0
[  142115ms] [LOG] [Explorer] Starting tree build... @ http://localhost:8080/postscript.js:0
[  142115ms] [LOG] [Explorer] Fetching content index... @ http://localhost:8080/postscript.js:0
[  142261ms] [LOG] [Explorer] Fetched data keys: [index, linux, tags/linux, tags/命令, tags/index] @ http://localhost:8080/postscript.js:0
[  142262ms] [LOG] [Explorer] Entry count: 5 @ http://localhost:8080/postscript.js:0
[  142262ms] [LOG] [Explorer] Trie root children: 2 @ http://localhost:8080/postscript.js:0
[  142269ms] [LOG] [Explorer] Render generation is current, rendering tree @ http://localhost:8080/postscript.js:0
[  142269ms] [LOG] [Explorer] Trie result: success @ http://localhost:8080/postscript.js:0
[  142269ms] [LOG] [Explorer] Rendering 1 children @ http://localhost:8080/postscript.js:0
[  142269ms] [LOG] [Explorer] Render complete, final list length: 2 @ http://localhost:8080/postscript.js:0
[  142560ms] [LOG] [Explorer] Nav event received, generation: 1 @ http://localhost:8080/postscript.js:0
[  142561ms] [LOG] [Explorer] Found 1 explorers @ http://localhost:8080/postscript.js:0
[  142561ms] [LOG] [Explorer] Starting tree build... @ http://localhost:8080/postscript.js:0
[  142561ms] [LOG] [Explorer] Fetching content index... @ http://localhost:8080/postscript.js:0
[  142715ms] [LOG] [Explorer] Fetched data keys: [index, linux, tags/linux, tags/命令, tags/index] @ http://localhost:8080/postscript.js:0
[  142715ms] [LOG] [Explorer] Entry count: 5 @ http://localhost:8080/postscript.js:0
[  142716ms] [LOG] [Explorer] Trie root children: 2 @ http://localhost:8080/postscript.js:0
[  142723ms] [LOG] [Explorer] Render generation is current, rendering tree @ http://localhost:8080/postscript.js:0
[  142723ms] [LOG] [Explorer] Trie result: success @ http://localhost:8080/postscript.js:0
[  142723ms] [LOG] [Explorer] Rendering 1 children @ http://localhost:8080/postscript.js:0
[  142723ms] [LOG] [Explorer] Render complete, final list length: 2 @ http://localhost:8080/postscript.js:0
[  142826ms] [LOG] [Explorer] Nav event received, generation: 1 @ http://localhost:8080/postscript.js:0
[  142827ms] [LOG] [Explorer] Found 1 explorers @ http://localhost:8080/postscript.js:0
[  142827ms] [LOG] [Explorer] Starting tree build... @ http://localhost:8080/postscript.js:0
[  142827ms] [LOG] [Explorer] Fetching content index... @ http://localhost:8080/postscript.js:0
[  142854ms] [LOG] [Explorer] Fetched data keys: [index, linux, tags/linux, tags/命令, tags/index] @ http://localhost:8080/postscript.js:0
[  142854ms] [LOG] [Explorer] Entry count: 5 @ http://localhost:8080/postscript.js:0
[  142854ms] [LOG] [Explorer] Trie root children: 2 @ http://localhost:8080/postscript.js:0
[  142865ms] [LOG] [Explorer] Render generation is current, rendering tree @ http://localhost:8080/postscript.js:0
[  142865ms] [LOG] [Explorer] Trie result: success @ http://localhost:8080/postscript.js:0
[  142865ms] [LOG] [Explorer] Rendering 1 children @ http://localhost:8080/postscript.js:0
[  142865ms] [LOG] [Explorer] Render complete, final list length: 2 @ http://localhost:8080/postscript.js:0
[  143483ms] [LOG] [Explorer] Nav event received, generation: 1 @ http://localhost:8080/postscript.js:0
[  143484ms] [LOG] [Explorer] Found 1 explorers @ http://localhost:8080/postscript.js:0
[  143484ms] [LOG] [Explorer] Starting tree build... @ http://localhost:8080/postscript.js:0
[  143484ms] [LOG] [Explorer] Fetching content index... @ http://localhost:8080/postscript.js:0
[  143842ms] [LOG] [Explorer] Fetched data keys: [index, linux, tags/linux, tags/命令, tags/index] @ http://localhost:8080/postscript.js:0
[  143843ms] [LOG] [Explorer] Entry count: 5 @ http://localhost:8080/postscript.js:0
[  143843ms] [LOG] [Explorer] Trie root children: 2 @ http://localhost:8080/postscript.js:0
[  143851ms] [LOG] [Explorer] Render generation is current, rendering tree @ http://localhost:8080/postscript.js:0
[  143851ms] [LOG] [Explorer] Trie result: success @ http://localhost:8080/postscript.js:0
[  143851ms] [LOG] [Explorer] Rendering 1 children @ http://localhost:8080/postscript.js:0
[  143851ms] [LOG] [Explorer] Render complete, final list length: 2 @ http://localhost:8080/postscript.js:0
[  144314ms] [LOG] [Explorer] Nav event received, generation: 1 @ http://localhost:8080/postscript.js:0
[  144314ms] [LOG] [Explorer] Found 1 explorers @ http://localhost:8080/postscript.js:0
[  144314ms] [LOG] [Explorer] Starting tree build... @ http://localhost:8080/postscript.js:0
[  144314ms] [LOG] [Explorer] Fetching content index... @ http://localhost:8080/postscript.js:0
[  144349ms] [LOG] [Explorer] Fetched data keys: [index, linux, tags/linux, tags/命令, tags/index] @ http://localhost:8080/postscript.js:0
[  144350ms] [LOG] [Explorer] Entry count: 5 @ http://localhost:8080/postscript.js:0
[  144350ms] [LOG] [Explorer] Trie root children: 2 @ http://localhost:8080/postscript.js:0
[  144357ms] [LOG] [Explorer] Render generation is current, rendering tree @ http://localhost:8080/postscript.js:0
[  144357ms] [LOG] [Explorer] Trie result: success @ http://localhost:8080/postscript.js:0
[  144357ms] [LOG] [Explorer] Rendering 1 children @ http://localhost:8080/postscript.js:0
[  144358ms] [LOG] [Explorer] Render complete, final list length: 2 @ http://localhost:8080/postscript.js:0
[  145626ms] [LOG] [Explorer] Nav event received, generation: 1 @ http://localhost:8080/postscript.js:0
[  145626ms] [LOG] [Explorer] Found 1 explorers @ http://localhost:8080/postscript.js:0
[  145626ms] [LOG] [Explorer] Starting tree build... @ http://localhost:8080/postscript.js:0
[  145626ms] [LOG] [Explorer] Fetching content index... @ http://localhost:8080/postscript.js:0
[  145772ms] [LOG] [Explorer] Fetched data keys: [index, linux, tags/linux, tags/命令, tags/index] @ http://localhost:8080/postscript.js:0
[  145773ms] [LOG] [Explorer] Entry count: 5 @ http://localhost:8080/postscript.js:0
[  145773ms] [LOG] [Explorer] Trie root children: 2 @ http://localhost:8080/postscript.js:0
[  145780ms] [LOG] [Explorer] Render generation is current, rendering tree @ http://localhost:8080/postscript.js:0
[  145780ms] [LOG] [Explorer] Trie result: success @ http://localhost:8080/postscript.js:0
[  145780ms] [LOG] [Explorer] Rendering 1 children @ http://localhost:8080/postscript.js:0
[  145780ms] [LOG] [Explorer] Render complete, final list length: 2 @ http://localhost:8080/postscript.js:0
[  145899ms] [LOG] [Explorer] Nav event received, generation: 1 @ http://localhost:8080/postscript.js:0
[  145899ms] [LOG] [Explorer] Found 1 explorers @ http://localhost:8080/postscript.js:0
[  145899ms] [LOG] [Explorer] Starting tree build... @ http://localhost:8080/postscript.js:0
[  145899ms] [LOG] [Explorer] Fetching content index... @ http://localhost:8080/postscript.js:0
[  146252ms] [LOG] [Explorer] Fetched data keys: [index, linux, tags/linux, tags/命令, tags/index] @ http://localhost:8080/postscript.js:0
[  146252ms] [LOG] [Explorer] Entry count: 5 @ http://localhost:8080/postscript.js:0
[  146252ms] [LOG] [Explorer] Trie root children: 2 @ http://localhost:8080/postscript.js:0
[  146260ms] [LOG] [Explorer] Render generation is current, rendering tree @ http://localhost:8080/postscript.js:0
[  146260ms] [LOG] [Explorer] Trie result: success @ http://localhost:8080/postscript.js:0
[  146260ms] [LOG] [Explorer] Rendering 1 children @ http://localhost:8080/postscript.js:0
[  146260ms] [LOG] [Explorer] Render complete, final list length: 2 @ http://localhost:8080/postscript.js:0
[  146364ms] [LOG] [Explorer] Nav event received, generation: 1 @ http://localhost:8080/postscript.js:0
[  146364ms] [LOG] [Explorer] Found 1 explorers @ http://localhost:8080/postscript.js:0
[  146364ms] [LOG] [Explorer] Starting tree build... @ http://localhost:8080/postscript.js:0
[  146364ms] [LOG] [Explorer] Fetching content index... @ http://localhost:8080/postscript.js:0
[  146391ms] [LOG] [Explorer] Fetched data keys: [index, linux, tags/linux, tags/命令, tags/index] @ http://localhost:8080/postscript.js:0
[  146391ms] [LOG] [Explorer] Entry count: 5 @ http://localhost:8080/postscript.js:0
[  146391ms] [LOG] [Explorer] Trie root children: 2 @ http://localhost:8080/postscript.js:0
[  146398ms] [LOG] [Explorer] Render generation is current, rendering tree @ http://localhost:8080/postscript.js:0
[  146398ms] [LOG] [Explorer] Trie result: success @ http://localhost:8080/postscript.js:0
[  146398ms] [LOG] [Explorer] Rendering 1 children @ http://localhost:8080/postscript.js:0
[  146399ms] [LOG] [Explorer] Render complete, final list length: 2 @ http://localhost:8080/postscript.js:0
[  146972ms] [LOG] [Explorer] Nav event received, generation: 1 @ http://localhost:8080/postscript.js:0
[  146972ms] [LOG] [Explorer] Found 1 explorers @ http://localhost:8080/postscript.js:0
[  146972ms] [LOG] [Explorer] Starting tree build... @ http://localhost:8080/postscript.js:0
[  146972ms] [LOG] [Explorer] Fetching content index... @ http://localhost:8080/postscript.js:0
[  147298ms] [LOG] [Explorer] Fetched data keys: [index, linux, tags/linux, tags/命令, tags/index] @ http://localhost:8080/postscript.js:0
[  147298ms] [LOG] [Explorer] Entry count: 5 @ http://localhost:8080/postscript.js:0
[  147298ms] [LOG] [Explorer] Trie root children: 2 @ http://localhost:8080/postscript.js:0
[  147306ms] [LOG] [Explorer] Render generation is current, rendering tree @ http://localhost:8080/postscript.js:0
[  147306ms] [LOG] [Explorer] Trie result: success @ http://localhost:8080/postscript.js:0
[  147306ms] [LOG] [Explorer] Rendering 1 children @ http://localhost:8080/postscript.js:0
[  147306ms] [LOG] [Explorer] Render complete, final list length: 2 @ http://localhost:8080/postscript.js:0
[  147763ms] [LOG] [Explorer] Nav event received, generation: 1 @ http://localhost:8080/postscript.js:0
[  147763ms] [LOG] [Explorer] Found 1 explorers @ http://localhost:8080/postscript.js:0
[  147763ms] [LOG] [Explorer] Starting tree build... @ http://localhost:8080/postscript.js:0
[  147763ms] [LOG] [Explorer] Fetching content index... @ http://localhost:8080/postscript.js:0
[  147792ms] [LOG] [Explorer] Fetched data keys: [index, linux, tags/linux, tags/命令, tags/index] @ http://localhost:8080/postscript.js:0
[  147792ms] [LOG] [Explorer] Entry count: 5 @ http://localhost:8080/postscript.js:0
[  147792ms] [LOG] [Explorer] Trie root children: 2 @ http://localhost:8080/postscript.js:0
[  147799ms] [LOG] [Explorer] Render generation is current, rendering tree @ http://localhost:8080/postscript.js:0
[  147799ms] [LOG] [Explorer] Trie result: success @ http://localhost:8080/postscript.js:0
[  147799ms] [LOG] [Explorer] Rendering 1 children @ http://localhost:8080/postscript.js:0
[  147799ms] [LOG] [Explorer] Render complete, final list length: 2 @ http://localhost:8080/postscript.js:0
[  149341ms] [LOG] [Explorer] Nav event received, generation: 1 @ http://localhost:8080/postscript.js:0
[  149341ms] [LOG] [Explorer] Found 1 explorers @ http://localhost:8080/postscript.js:0
[  149341ms] [LOG] [Explorer] Starting tree build... @ http://localhost:8080/postscript.js:0
[  149341ms] [LOG] [Explorer] Fetching content index... @ http://localhost:8080/postscript.js:0
[  149365ms] [LOG] [Explorer] Fetched data keys: [index, linux, tags/linux, tags/命令, tags/index] @ http://localhost:8080/postscript.js:0
[  149365ms] [LOG] [Explorer] Entry count: 5 @ http://localhost:8080/postscript.js:0
[  149365ms] [LOG] [Explorer] Trie root children: 2 @ http://localhost:8080/postscript.js:0
[  149373ms] [LOG] [Explorer] Render generation is current, rendering tree @ http://localhost:8080/postscript.js:0
[  149373ms] [LOG] [Explorer] Trie result: success @ http://localhost:8080/postscript.js:0
[  149373ms] [LOG] [Explorer] Rendering 1 children @ http://localhost:8080/postscript.js:0
[  149373ms] [LOG] [Explorer] Render complete, final list length: 2 @ http://localhost:8080/postscript.js:0
[  150324ms] [LOG] [Explorer] Nav event received, generation: 1 @ http://localhost:8080/postscript.js:0
[  150324ms] [LOG] [Explorer] Found 1 explorers @ http://localhost:8080/postscript.js:0
[  150324ms] [LOG] [Explorer] Starting tree build... @ http://localhost:8080/postscript.js:0
[  150324ms] [LOG] [Explorer] Fetching content index... @ http://localhost:8080/postscript.js:0
[  150348ms] [LOG] [Explorer] Fetched data keys: [index, linux, tags/linux, tags/命令, tags/index] @ http://localhost:8080/postscript.js:0
[  150348ms] [LOG] [Explorer] Entry count: 5 @ http://localhost:8080/postscript.js:0
[  150348ms] [LOG] [Explorer] Trie root children: 2 @ http://localhost:8080/postscript.js:0
[  150355ms] [LOG] [Explorer] Render generation is current, rendering tree @ http://localhost:8080/postscript.js:0
[  150356ms] [LOG] [Explorer] Trie result: success @ http://localhost:8080/postscript.js:0
[  150356ms] [LOG] [Explorer] Rendering 1 children @ http://localhost:8080/postscript.js:0
[  150356ms] [LOG] [Explorer] Render complete, final list length: 2 @ http://localhost:8080/postscript.js:0
[  151206ms] [LOG] [Explorer] Nav event received, generation: 1 @ http://localhost:8080/postscript.js:0
[  151206ms] [LOG] [Explorer] Found 1 explorers @ http://localhost:8080/postscript.js:0
[  151207ms] [LOG] [Explorer] Starting tree build... @ http://localhost:8080/postscript.js:0
[  151207ms] [LOG] [Explorer] Fetching content index... @ http://localhost:8080/postscript.js:0
[  151230ms] [LOG] [Explorer] Fetched data keys: [index, linux, tags/linux, tags/命令, tags/index] @ http://localhost:8080/postscript.js:0
[  151230ms] [LOG] [Explorer] Entry count: 5 @ http://localhost:8080/postscript.js:0
[  151230ms] [LOG] [Explorer] Trie root children: 2 @ http://localhost:8080/postscript.js:0
[  151238ms] [LOG] [Explorer] Render generation is current, rendering tree @ http://localhost:8080/postscript.js:0
[  151238ms] [LOG] [Explorer] Trie result: success @ http://localhost:8080/postscript.js:0
[  151238ms] [LOG] [Explorer] Rendering 1 children @ http://localhost:8080/postscript.js:0
[  151238ms] [LOG] [Explorer] Render complete, final list length: 2 @ http://localhost:8080/postscript.js:0
[  152154ms] [LOG] [Explorer] Nav event received, generation: 1 @ http://localhost:8080/postscript.js:0
[  152154ms] [LOG] [Explorer] Found 1 explorers @ http://localhost:8080/postscript.js:0
[  152154ms] [LOG] [Explorer] Starting tree build... @ http://localhost:8080/postscript.js:0
[  152154ms] [LOG] [Explorer] Fetching content index... @ http://localhost:8080/postscript.js:0
[  152188ms] [LOG] [Explorer] Fetched data keys: [index, linux, tags/linux, tags/命令, tags/index] @ http://localhost:8080/postscript.js:0
[  152189ms] [LOG] [Explorer] Entry count: 5 @ http://localhost:8080/postscript.js:0
[  152189ms] [LOG] [Explorer] Trie root children: 2 @ http://localhost:8080/postscript.js:0
[  152196ms] [LOG] [Explorer] Render generation is current, rendering tree @ http://localhost:8080/postscript.js:0
[  152196ms] [LOG] [Explorer] Trie result: success @ http://localhost:8080/postscript.js:0
[  152196ms] [LOG] [Explorer] Rendering 1 children @ http://localhost:8080/postscript.js:0
[  152196ms] [LOG] [Explorer] Render complete, final list length: 2 @ http://localhost:8080/postscript.js:0
[  153103ms] [LOG] [Explorer] Nav event received, generation: 1 @ http://localhost:8080/postscript.js:0
[  153103ms] [LOG] [Explorer] Found 1 explorers @ http://localhost:8080/postscript.js:0
[  153103ms] [LOG] [Explorer] Starting tree build... @ http://localhost:8080/postscript.js:0
[  153103ms] [LOG] [Explorer] Fetching content index... @ http://localhost:8080/postscript.js:0
[  153119ms] [LOG] [Explorer] Fetched data keys: [index, linux, tags/linux, tags/命令, tags/index] @ http://localhost:8080/postscript.js:0
[  153119ms] [LOG] [Explorer] Entry count: 5 @ http://localhost:8080/postscript.js:0
[  153119ms] [LOG] [Explorer] Trie root children: 2 @ http://localhost:8080/postscript.js:0
[  153126ms] [LOG] [Explorer] Render generation is current, rendering tree @ http://localhost:8080/postscript.js:0
[  153126ms] [LOG] [Explorer] Trie result: success @ http://localhost:8080/postscript.js:0
[  153126ms] [LOG] [Explorer] Rendering 1 children @ http://localhost:8080/postscript.js:0
[  153126ms] [LOG] [Explorer] Render complete, final list length: 2 @ http://localhost:8080/postscript.js:0
[  154103ms] [LOG] [Explorer] Nav event received, generation: 1 @ http://localhost:8080/postscript.js:0
[  154104ms] [LOG] [Explorer] Found 1 explorers @ http://localhost:8080/postscript.js:0
[  154104ms] [LOG] [Explorer] Starting tree build... @ http://localhost:8080/postscript.js:0
[  154104ms] [LOG] [Explorer] Fetching content index... @ http://localhost:8080/postscript.js:0
[  154105ms] [LOG] [Explorer] Fetched data keys: [index, linux, tags/linux, tags/命令, tags/index] @ http://localhost:8080/postscript.js:0
[  154106ms] [LOG] [Explorer] Entry count: 5 @ http://localhost:8080/postscript.js:0
[  154106ms] [LOG] [Explorer] Trie root children: 2 @ http://localhost:8080/postscript.js:0
[  154108ms] [LOG] [Explorer] Render generation is current, rendering tree @ http://localhost:8080/postscript.js:0
[  154108ms] [LOG] [Explorer] Trie result: success @ http://localhost:8080/postscript.js:0
[  154108ms] [LOG] [Explorer] Rendering 1 children @ http://localhost:8080/postscript.js:0
[  154108ms] [LOG] [Explorer] Render complete, final list length: 2 @ http://localhost:8080/postscript.js:0
[  155148ms] [LOG] [Explorer] Nav event received, generation: 1 @ http://localhost:8080/postscript.js:0
[  155148ms] [LOG] [Explorer] Found 1 explorers @ http://localhost:8080/postscript.js:0
[  155148ms] [LOG] [Explorer] Starting tree build... @ http://localhost:8080/postscript.js:0
[  155148ms] [LOG] [Explorer] Fetching content index... @ http://localhost:8080/postscript.js:0
[  155178ms] [LOG] [Explorer] Fetched data keys: [index, linux, tags/linux, tags/命令, tags/index] @ http://localhost:8080/postscript.js:0
[  155178ms] [LOG] [Explorer] Entry count: 5 @ http://localhost:8080/postscript.js:0
[  155178ms] [LOG] [Explorer] Trie root children: 2 @ http://localhost:8080/postscript.js:0
[  155188ms] [LOG] [Explorer] Render generation is current, rendering tree @ http://localhost:8080/postscript.js:0
[  155188ms] [LOG] [Explorer] Trie result: success @ http://localhost:8080/postscript.js:0
[  155188ms] [LOG] [Explorer] Rendering 1 children @ http://localhost:8080/postscript.js:0
[  155188ms] [LOG] [Explorer] Render complete, final list length: 2 @ http://localhost:8080/postscript.js:0
[  156104ms] [LOG] [Explorer] Nav event received, generation: 1 @ http://localhost:8080/postscript.js:0
[  156104ms] [LOG] [Explorer] Found 1 explorers @ http://localhost:8080/postscript.js:0
[  156105ms] [LOG] [Explorer] Starting tree build... @ http://localhost:8080/postscript.js:0
[  156105ms] [LOG] [Explorer] Fetching content index... @ http://localhost:8080/postscript.js:0
[  156136ms] [LOG] [Explorer] Fetched data keys: [index, linux, tags/linux, tags/命令, tags/index] @ http://localhost:8080/postscript.js:0
[  156136ms] [LOG] [Explorer] Entry count: 5 @ http://localhost:8080/postscript.js:0
[  156137ms] [LOG] [Explorer] Trie root children: 2 @ http://localhost:8080/postscript.js:0
[  156144ms] [LOG] [Explorer] Render generation is current, rendering tree @ http://localhost:8080/postscript.js:0
[  156144ms] [LOG] [Explorer] Trie result: success @ http://localhost:8080/postscript.js:0
[  156144ms] [LOG] [Explorer] Rendering 1 children @ http://localhost:8080/postscript.js:0
[  156145ms] [LOG] [Explorer] Render complete, final list length: 2 @ http://localhost:8080/postscript.js:0
[  157079ms] [LOG] [Explorer] Nav event received, generation: 1 @ http://localhost:8080/postscript.js:0
[  157079ms] [LOG] [Explorer] Found 1 explorers @ http://localhost:8080/postscript.js:0
[  157079ms] [LOG] [Explorer] Starting tree build... @ http://localhost:8080/postscript.js:0
[  157079ms] [LOG] [Explorer] Fetching content index... @ http://localhost:8080/postscript.js:0
[  157105ms] [LOG] [Explorer] Fetched data keys: [index, linux, tags/linux, tags/命令, tags/index] @ http://localhost:8080/postscript.js:0
[  157105ms] [LOG] [Explorer] Entry count: 5 @ http://localhost:8080/postscript.js:0
[  157105ms] [LOG] [Explorer] Trie root children: 2 @ http://localhost:8080/postscript.js:0
[  157112ms] [LOG] [Explorer] Render generation is current, rendering tree @ http://localhost:8080/postscript.js:0
[  157112ms] [LOG] [Explorer] Trie result: success @ http://localhost:8080/postscript.js:0
[  157112ms] [LOG] [Explorer] Rendering 1 children @ http://localhost:8080/postscript.js:0
[  157112ms] [LOG] [Explorer] Render complete, final list length: 2 @ http://localhost:8080/postscript.js:0
[  158058ms] [LOG] [Explorer] Nav event received, generation: 1 @ http://localhost:8080/postscript.js:0
[  158058ms] [LOG] [Explorer] Found 1 explorers @ http://localhost:8080/postscript.js:0
[  158058ms] [LOG] [Explorer] Starting tree build... @ http://localhost:8080/postscript.js:0
[  158058ms] [LOG] [Explorer] Fetching content index... @ http://localhost:8080/postscript.js:0
[  158086ms] [LOG] [Explorer] Fetched data keys: [index, linux, tags/linux, tags/命令, tags/index] @ http://localhost:8080/postscript.js:0
[  158086ms] [LOG] [Explorer] Entry count: 5 @ http://localhost:8080/postscript.js:0
[  158086ms] [LOG] [Explorer] Trie root children: 2 @ http://localhost:8080/postscript.js:0
[  158093ms] [LOG] [Explorer] Render generation is current, rendering tree @ http://localhost:8080/postscript.js:0
[  158093ms] [LOG] [Explorer] Trie result: success @ http://localhost:8080/postscript.js:0
[  158093ms] [LOG] [Explorer] Rendering 1 children @ http://localhost:8080/postscript.js:0
[  158093ms] [LOG] [Explorer] Render complete, final list length: 2 @ http://localhost:8080/postscript.js:0
[  159063ms] [LOG] [Explorer] Nav event received, generation: 1 @ http://localhost:8080/postscript.js:0
[  159063ms] [LOG] [Explorer] Found 1 explorers @ http://localhost:8080/postscript.js:0
[  159063ms] [LOG] [Explorer] Starting tree build... @ http://localhost:8080/postscript.js:0
[  159063ms] [LOG] [Explorer] Fetching content index... @ http://localhost:8080/postscript.js:0
[  159089ms] [LOG] [Explorer] Fetched data keys: [index, linux, tags/linux, tags/命令, tags/index] @ http://localhost:8080/postscript.js:0
[  159090ms] [LOG] [Explorer] Entry count: 5 @ http://localhost:8080/postscript.js:0
[  159090ms] [LOG] [Explorer] Trie root children: 2 @ http://localhost:8080/postscript.js:0
[  159097ms] [LOG] [Explorer] Render generation is current, rendering tree @ http://localhost:8080/postscript.js:0
[  159097ms] [LOG] [Explorer] Trie result: success @ http://localhost:8080/postscript.js:0
[  159098ms] [LOG] [Explorer] Rendering 1 children @ http://localhost:8080/postscript.js:0
[  159098ms] [LOG] [Explorer] Render complete, final list length: 2 @ http://localhost:8080/postscript.js:0
[  160087ms] [LOG] [Explorer] Nav event received, generation: 1 @ http://localhost:8080/postscript.js:0
[  160087ms] [LOG] [Explorer] Found 1 explorers @ http://localhost:8080/postscript.js:0
[  160087ms] [LOG] [Explorer] Starting tree build... @ http://localhost:8080/postscript.js:0
[  160087ms] [LOG] [Explorer] Fetching content index... @ http://localhost:8080/postscript.js:0
[  160119ms] [LOG] [Explorer] Fetched data keys: [index, linux, tags/linux, tags/命令, tags/index] @ http://localhost:8080/postscript.js:0
[  160119ms] [LOG] [Explorer] Entry count: 5 @ http://localhost:8080/postscript.js:0
[  160120ms] [LOG] [Explorer] Trie root children: 2 @ http://localhost:8080/postscript.js:0
[  160127ms] [LOG] [Explorer] Render generation is current, rendering tree @ http://localhost:8080/postscript.js:0
[  160127ms] [LOG] [Explorer] Trie result: success @ http://localhost:8080/postscript.js:0
[  160127ms] [LOG] [Explorer] Rendering 1 children @ http://localhost:8080/postscript.js:0
[  160127ms] [LOG] [Explorer] Render complete, final list length: 2 @ http://localhost:8080/postscript.js:0
[  161100ms] [LOG] [Explorer] Nav event received, generation: 1 @ http://localhost:8080/postscript.js:0
[  161100ms] [LOG] [Explorer] Found 1 explorers @ http://localhost:8080/postscript.js:0
[  161100ms] [LOG] [Explorer] Starting tree build... @ http://localhost:8080/postscript.js:0
[  161100ms] [LOG] [Explorer] Fetching content index... @ http://localhost:8080/postscript.js:0
[  161129ms] [LOG] [Explorer] Fetched data keys: [index, linux, tags/linux, tags/命令, tags/index] @ http://localhost:8080/postscript.js:0
[  161129ms] [LOG] [Explorer] Entry count: 5 @ http://localhost:8080/postscript.js:0
[  161129ms] [LOG] [Explorer] Trie root children: 2 @ http://localhost:8080/postscript.js:0
[  161136ms] [LOG] [Explorer] Render generation is current, rendering tree @ http://localhost:8080/postscript.js:0
[  161136ms] [LOG] [Explorer] Trie result: success @ http://localhost:8080/postscript.js:0
[  161136ms] [LOG] [Explorer] Rendering 1 children @ http://localhost:8080/postscript.js:0
[  161137ms] [LOG] [Explorer] Render complete, final list length: 2 @ http://localhost:8080/postscript.js:0
[  162144ms] [LOG] [Explorer] Nav event received, generation: 1 @ http://localhost:8080/postscript.js:0
[  162145ms] [LOG] [Explorer] Found 1 explorers @ http://localhost:8080/postscript.js:0
[  162145ms] [LOG] [Explorer] Starting tree build... @ http://localhost:8080/postscript.js:0
[  162145ms] [LOG] [Explorer] Fetching content index... @ http://localhost:8080/postscript.js:0
[  162172ms] [LOG] [Explorer] Fetched data keys: [index, linux, tags/linux, tags/命令, tags/index] @ http://localhost:8080/postscript.js:0
[  162172ms] [LOG] [Explorer] Entry count: 5 @ http://localhost:8080/postscript.js:0
[  162172ms] [LOG] [Explorer] Trie root children: 2 @ http://localhost:8080/postscript.js:0
[  162179ms] [LOG] [Explorer] Render generation is current, rendering tree @ http://localhost:8080/postscript.js:0
[  162180ms] [LOG] [Explorer] Trie result: success @ http://localhost:8080/postscript.js:0
[  162180ms] [LOG] [Explorer] Rendering 1 children @ http://localhost:8080/postscript.js:0
[  162180ms] [LOG] [Explorer] Render complete, final list length: 2 @ http://localhost:8080/postscript.js:0
[  163105ms] [LOG] [Explorer] Nav event received, generation: 1 @ http://localhost:8080/postscript.js:0
[  163106ms] [LOG] [Explorer] Found 1 explorers @ http://localhost:8080/postscript.js:0
[  163106ms] [LOG] [Explorer] Starting tree build... @ http://localhost:8080/postscript.js:0
[  163106ms] [LOG] [Explorer] Fetching content index... @ http://localhost:8080/postscript.js:0
[  163141ms] [LOG] [Explorer] Fetched data keys: [index, linux, tags/linux, tags/命令, tags/index] @ http://localhost:8080/postscript.js:0
[  163142ms] [LOG] [Explorer] Entry count: 5 @ http://localhost:8080/postscript.js:0
[  163142ms] [LOG] [Explorer] Trie root children: 2 @ http://localhost:8080/postscript.js:0
[  163150ms] [LOG] [Explorer] Render generation is current, rendering tree @ http://localhost:8080/postscript.js:0
[  163150ms] [LOG] [Explorer] Trie result: success @ http://localhost:8080/postscript.js:0
[  163150ms] [LOG] [Explorer] Rendering 1 children @ http://localhost:8080/postscript.js:0
[  163150ms] [LOG] [Explorer] Render complete, final list length: 2 @ http://localhost:8080/postscript.js:0
[  164138ms] [LOG] [Explorer] Nav event received, generation: 1 @ http://localhost:8080/postscript.js:0
[  164138ms] [LOG] [Explorer] Found 1 explorers @ http://localhost:8080/postscript.js:0
[  164138ms] [LOG] [Explorer] Starting tree build... @ http://localhost:8080/postscript.js:0
[  164138ms] [LOG] [Explorer] Fetching content index... @ http://localhost:8080/postscript.js:0
[  164155ms] [LOG] [Explorer] Fetched data keys: [index, linux, tags/linux, tags/命令, tags/index] @ http://localhost:8080/postscript.js:0
[  164155ms] [LOG] [Explorer] Entry count: 5 @ http://localhost:8080/postscript.js:0
[  164155ms] [LOG] [Explorer] Trie root children: 2 @ http://localhost:8080/postscript.js:0
[  164162ms] [LOG] [Explorer] Render generation is current, rendering tree @ http://localhost:8080/postscript.js:0
[  164162ms] [LOG] [Explorer] Trie result: success @ http://localhost:8080/postscript.js:0
[  164162ms] [LOG] [Explorer] Rendering 1 children @ http://localhost:8080/postscript.js:0
[  164163ms] [LOG] [Explorer] Render complete, final list length: 2 @ http://localhost:8080/postscript.js:0
[  165088ms] [LOG] [Explorer] Nav event received, generation: 1 @ http://localhost:8080/postscript.js:0
[  165088ms] [LOG] [Explorer] Found 1 explorers @ http://localhost:8080/postscript.js:0
[  165088ms] [LOG] [Explorer] Starting tree build... @ http://localhost:8080/postscript.js:0
[  165088ms] [LOG] [Explorer] Fetching content index... @ http://localhost:8080/postscript.js:0
[  165120ms] [LOG] [Explorer] Fetched data keys: [index, linux, tags/linux, tags/命令, tags/index] @ http://localhost:8080/postscript.js:0
[  165120ms] [LOG] [Explorer] Entry count: 5 @ http://localhost:8080/postscript.js:0
[  165120ms] [LOG] [Explorer] Trie root children: 2 @ http://localhost:8080/postscript.js:0
[  165128ms] [LOG] [Explorer] Render generation is current, rendering tree @ http://localhost:8080/postscript.js:0
[  165128ms] [LOG] [Explorer] Trie result: success @ http://localhost:8080/postscript.js:0
[  165128ms] [LOG] [Explorer] Rendering 1 children @ http://localhost:8080/postscript.js:0
[  165128ms] [LOG] [Explorer] Render complete, final list length: 2 @ http://localhost:8080/postscript.js:0
[  165964ms] [LOG] [Explorer] Nav event received, generation: 1 @ http://localhost:8080/postscript.js:0
[  165964ms] [LOG] [Explorer] Found 1 explorers @ http://localhost:8080/postscript.js:0
[  165964ms] [LOG] [Explorer] Starting tree build... @ http://localhost:8080/postscript.js:0
[  165964ms] [LOG] [Explorer] Fetching content index... @ http://localhost:8080/postscript.js:0
[  165986ms] [LOG] [Explorer] Fetched data keys: [index, linux, tags/linux, tags/命令, tags/index] @ http://localhost:8080/postscript.js:0
[  165986ms] [LOG] [Explorer] Entry count: 5 @ http://localhost:8080/postscript.js:0
[  165986ms] [LOG] [Explorer] Trie root children: 2 @ http://localhost:8080/postscript.js:0
[  165993ms] [LOG] [Explorer] Render generation is current, rendering tree @ http://localhost:8080/postscript.js:0
[  165993ms] [LOG] [Explorer] Trie result: success @ http://localhost:8080/postscript.js:0
[  165993ms] [LOG] [Explorer] Rendering 1 children @ http://localhost:8080/postscript.js:0
[  165994ms] [LOG] [Explorer] Render complete, final list length: 2 @ http://localhost:8080/postscript.js:0
[  166829ms] [LOG] [Explorer] Nav event received, generation: 1 @ http://localhost:8080/postscript.js:0
[  166830ms] [LOG] [Explorer] Found 1 explorers @ http://localhost:8080/postscript.js:0
[  166830ms] [LOG] [Explorer] Starting tree build... @ http://localhost:8080/postscript.js:0
[  166830ms] [LOG] [Explorer] Fetching content index... @ http://localhost:8080/postscript.js:0
[  166844ms] [LOG] [Explorer] Fetched data keys: [index, linux, tags/linux, tags/命令, tags/index] @ http://localhost:8080/postscript.js:0
[  166844ms] [LOG] [Explorer] Entry count: 5 @ http://localhost:8080/postscript.js:0
[  166844ms] [LOG] [Explorer] Trie root children: 2 @ http://localhost:8080/postscript.js:0
[  166850ms] [LOG] [Explorer] Render generation is current, rendering tree @ http://localhost:8080/postscript.js:0
[  166851ms] [LOG] [Explorer] Trie result: success @ http://localhost:8080/postscript.js:0
[  166851ms] [LOG] [Explorer] Rendering 1 children @ http://localhost:8080/postscript.js:0
[  166851ms] [LOG] [Explorer] Render complete, final list length: 2 @ http://localhost:8080/postscript.js:0
[  167701ms] [LOG] [Explorer] Nav event received, generation: 1 @ http://localhost:8080/postscript.js:0
[  167701ms] [LOG] [Explorer] Found 1 explorers @ http://localhost:8080/postscript.js:0
[  167701ms] [LOG] [Explorer] Starting tree build... @ http://localhost:8080/postscript.js:0
[  167701ms] [LOG] [Explorer] Fetching content index... @ http://localhost:8080/postscript.js:0
[  167733ms] [LOG] [Explorer] Fetched data keys: [index, linux, tags/linux, tags/命令, tags/index] @ http://localhost:8080/postscript.js:0
[  167733ms] [LOG] [Explorer] Entry count: 5 @ http://localhost:8080/postscript.js:0
[  167733ms] [LOG] [Explorer] Trie root children: 2 @ http://localhost:8080/postscript.js:0
[  167741ms] [LOG] [Explorer] Render generation is current, rendering tree @ http://localhost:8080/postscript.js:0
[  167741ms] [LOG] [Explorer] Trie result: success @ http://localhost:8080/postscript.js:0
[  167741ms] [LOG] [Explorer] Rendering 1 children @ http://localhost:8080/postscript.js:0
[  167741ms] [LOG] [Explorer] Render complete, final list length: 2 @ http://localhost:8080/postscript.js:0
[  168562ms] [LOG] [Explorer] Nav event received, generation: 1 @ http://localhost:8080/postscript.js:0
[  168562ms] [LOG] [Explorer] Found 1 explorers @ http://localhost:8080/postscript.js:0
[  168562ms] [LOG] [Explorer] Starting tree build... @ http://localhost:8080/postscript.js:0
[  168562ms] [LOG] [Explorer] Fetching content index... @ http://localhost:8080/postscript.js:0
[  168587ms] [LOG] [Explorer] Fetched data keys: [index, linux, tags/linux, tags/命令, tags/index] @ http://localhost:8080/postscript.js:0
[  168587ms] [LOG] [Explorer] Entry count: 5 @ http://localhost:8080/postscript.js:0
[  168587ms] [LOG] [Explorer] Trie root children: 2 @ http://localhost:8080/postscript.js:0
[  168594ms] [LOG] [Explorer] Render generation is current, rendering tree @ http://localhost:8080/postscript.js:0
[  168594ms] [LOG] [Explorer] Trie result: success @ http://localhost:8080/postscript.js:0
[  168594ms] [LOG] [Explorer] Rendering 1 children @ http://localhost:8080/postscript.js:0
[  168594ms] [LOG] [Explorer] Render complete, final list length: 2 @ http://localhost:8080/postscript.js:0
[  169419ms] [LOG] [Explorer] Nav event received, generation: 1 @ http://localhost:8080/postscript.js:0
[  169419ms] [LOG] [Explorer] Found 1 explorers @ http://localhost:8080/postscript.js:0
[  169419ms] [LOG] [Explorer] Starting tree build... @ http://localhost:8080/postscript.js:0
[  169419ms] [LOG] [Explorer] Fetching content index... @ http://localhost:8080/postscript.js:0
[  169444ms] [LOG] [Explorer] Fetched data keys: [index, linux, tags/linux, tags/命令, tags/index] @ http://localhost:8080/postscript.js:0
[  169444ms] [LOG] [Explorer] Entry count: 5 @ http://localhost:8080/postscript.js:0
[  169444ms] [LOG] [Explorer] Trie root children: 2 @ http://localhost:8080/postscript.js:0
[  169452ms] [LOG] [Explorer] Render generation is current, rendering tree @ http://localhost:8080/postscript.js:0
[  169452ms] [LOG] [Explorer] Trie result: success @ http://localhost:8080/postscript.js:0
[  169452ms] [LOG] [Explorer] Rendering 1 children @ http://localhost:8080/postscript.js:0
[  169452ms] [LOG] [Explorer] Render complete, final list length: 2 @ http://localhost:8080/postscript.js:0
[  170286ms] [LOG] [Explorer] Nav event received, generation: 1 @ http://localhost:8080/postscript.js:0
[  170286ms] [LOG] [Explorer] Found 1 explorers @ http://localhost:8080/postscript.js:0
[  170286ms] [LOG] [Explorer] Starting tree build... @ http://localhost:8080/postscript.js:0
[  170286ms] [LOG] [Explorer] Fetching content index... @ http://localhost:8080/postscript.js:0
[  170311ms] [LOG] [Explorer] Fetched data keys: [index, linux, tags/linux, tags/命令, tags/index] @ http://localhost:8080/postscript.js:0
[  170311ms] [LOG] [Explorer] Entry count: 5 @ http://localhost:8080/postscript.js:0
[  170311ms] [LOG] [Explorer] Trie root children: 2 @ http://localhost:8080/postscript.js:0
[  170319ms] [LOG] [Explorer] Render generation is current, rendering tree @ http://localhost:8080/postscript.js:0
[  170319ms] [LOG] [Explorer] Trie result: success @ http://localhost:8080/postscript.js:0
[  170319ms] [LOG] [Explorer] Rendering 1 children @ http://localhost:8080/postscript.js:0
[  170319ms] [LOG] [Explorer] Render complete, final list length: 2 @ http://localhost:8080/postscript.js:0
[  171159ms] [LOG] [Explorer] Nav event received, generation: 1 @ http://localhost:8080/postscript.js:0
[  171159ms] [LOG] [Explorer] Found 1 explorers @ http://localhost:8080/postscript.js:0
[  171159ms] [LOG] [Explorer] Starting tree build... @ http://localhost:8080/postscript.js:0
[  171159ms] [LOG] [Explorer] Fetching content index... @ http://localhost:8080/postscript.js:0
[  171193ms] [LOG] [Explorer] Fetched data keys: [index, linux, tags/linux, tags/命令, tags/index] @ http://localhost:8080/postscript.js:0
[  171193ms] [LOG] [Explorer] Entry count: 5 @ http://localhost:8080/postscript.js:0
[  171193ms] [LOG] [Explorer] Trie root children: 2 @ http://localhost:8080/postscript.js:0
[  171202ms] [LOG] [Explorer] Render generation is current, rendering tree @ http://localhost:8080/postscript.js:0
[  171202ms] [LOG] [Explorer] Trie result: success @ http://localhost:8080/postscript.js:0
[  171202ms] [LOG] [Explorer] Rendering 1 children @ http://localhost:8080/postscript.js:0
[  171202ms] [LOG] [Explorer] Render complete, final list length: 2 @ http://localhost:8080/postscript.js:0
[  172039ms] [LOG] [Explorer] Nav event received, generation: 1 @ http://localhost:8080/postscript.js:0
[  172040ms] [LOG] [Explorer] Found 1 explorers @ http://localhost:8080/postscript.js:0
[  172040ms] [LOG] [Explorer] Starting tree build... @ http://localhost:8080/postscript.js:0
[  172040ms] [LOG] [Explorer] Fetching content index... @ http://localhost:8080/postscript.js:0
[  172068ms] [LOG] [Explorer] Fetched data keys: [index, linux, tags/linux, tags/命令, tags/index] @ http://localhost:8080/postscript.js:0
[  172068ms] [LOG] [Explorer] Entry count: 5 @ http://localhost:8080/postscript.js:0
[  172068ms] [LOG] [Explorer] Trie root children: 2 @ http://localhost:8080/postscript.js:0
[  172076ms] [LOG] [Explorer] Render generation is current, rendering tree @ http://localhost:8080/postscript.js:0
[  172076ms] [LOG] [Explorer] Trie result: success @ http://localhost:8080/postscript.js:0
[  172077ms] [LOG] [Explorer] Rendering 1 children @ http://localhost:8080/postscript.js:0
[  172077ms] [LOG] [Explorer] Render complete, final list length: 2 @ http://localhost:8080/postscript.js:0
[  172870ms] [ERROR] Failed to load resource: the server responded with a status of 404 (Not Found) @ http://localhost:8080/index.css:0
[  172870ms] [ERROR] Failed to load resource: the server responded with a status of 404 (Not Found) @ http://localhost:8080/prescript.js:0
[  172974ms] [LOG] [Explorer] Nav event received, generation: 1 @ http://localhost:8080/postscript.js:0
[  172974ms] [LOG] [Explorer] Found 1 explorers @ http://localhost:8080/postscript.js:0
[  172974ms] [LOG] [Explorer] Starting tree build... @ http://localhost:8080/postscript.js:0
[  172974ms] [LOG] [Explorer] Fetching content index... @ http://localhost:8080/postscript.js:0
[  173012ms] [LOG] [Explorer] Fetched data keys: [index, linux, tags/linux, tags/命令, tags/index] @ http://localhost:8080/postscript.js:0
[  173012ms] [LOG] [Explorer] Entry count: 5 @ http://localhost:8080/postscript.js:0
[  173012ms] [LOG] [Explorer] Trie root children: 2 @ http://localhost:8080/postscript.js:0
[  173019ms] [LOG] [Explorer] Render generation is current, rendering tree @ http://localhost:8080/postscript.js:0
[  173019ms] [LOG] [Explorer] Trie result: success @ http://localhost:8080/postscript.js:0
[  173019ms] [LOG] [Explorer] Rendering 1 children @ http://localhost:8080/postscript.js:0
[  173019ms] [LOG] [Explorer] Render complete, final list length: 2 @ http://localhost:8080/postscript.js:0
[  173958ms] [ERROR] Failed to load resource: the server responded with a status of 404 (Not Found) @ http://localhost:8080/index.css:0
[  173960ms] [ERROR] Failed to load resource: the server responded with a status of 404 (Not Found) @ http://localhost:8080/prescript.js:0
[  174013ms] [LOG] [Explorer] Nav event received, generation: 1 @ http://localhost:8080/postscript.js:0
[  174013ms] [LOG] [Explorer] Found 1 explorers @ http://localhost:8080/postscript.js:0
[  174013ms] [LOG] [Explorer] Starting tree build... @ http://localhost:8080/postscript.js:0
[  174013ms] [LOG] [Explorer] Fetching content index... @ http://localhost:8080/postscript.js:0
[  174033ms] [LOG] [Explorer] Fetched data keys: [index, linux, tags/linux, tags/命令, tags/index] @ http://localhost:8080/postscript.js:0
[  174033ms] [LOG] [Explorer] Entry count: 5 @ http://localhost:8080/postscript.js:0
[  174033ms] [LOG] [Explorer] Trie root children: 2 @ http://localhost:8080/postscript.js:0
[  174040ms] [LOG] [Explorer] Render generation is current, rendering tree @ http://localhost:8080/postscript.js:0
[  174040ms] [LOG] [Explorer] Trie result: success @ http://localhost:8080/postscript.js:0
[  174040ms] [LOG] [Explorer] Rendering 1 children @ http://localhost:8080/postscript.js:0
[  174040ms] [LOG] [Explorer] Render complete, final list length: 2 @ http://localhost:8080/postscript.js:0
[  175015ms] [ERROR] Failed to load resource: the server responded with a status of 404 (Not Found) @ http://localhost:8080/index.css:0
[  175018ms] [ERROR] Failed to load resource: the server responded with a status of 404 (Not Found) @ http://localhost:8080/prescript.js:0
[  175076ms] [LOG] [Explorer] Nav event received, generation: 1 @ http://localhost:8080/postscript.js:0
[  175076ms] [LOG] [Explorer] Found 1 explorers @ http://localhost:8080/postscript.js:0
[  175076ms] [LOG] [Explorer] Starting tree build... @ http://localhost:8080/postscript.js:0
[  175076ms] [LOG] [Explorer] Fetching content index... @ http://localhost:8080/postscript.js:0
[  175105ms] [LOG] [Explorer] Fetched data keys: [index, linux, tags/linux, tags/命令, tags/index] @ http://localhost:8080/postscript.js:0
[  175106ms] [LOG] [Explorer] Entry count: 5 @ http://localhost:8080/postscript.js:0
[  175106ms] [LOG] [Explorer] Trie root children: 2 @ http://localhost:8080/postscript.js:0
[  175124ms] [LOG] [Explorer] Render generation is current, rendering tree @ http://localhost:8080/postscript.js:0
[  175124ms] [LOG] [Explorer] Trie result: success @ http://localhost:8080/postscript.js:0
[  175125ms] [LOG] [Explorer] Rendering 1 children @ http://localhost:8080/postscript.js:0
[  175125ms] [LOG] [Explorer] Render complete, final list length: 2 @ http://localhost:8080/postscript.js:0
